CompanyID;IDProduct;ModelName;Mobile Weight;RAM;Front Camera;Back Camera;Processor;Battery Capacity;Screen Size;Launched Year
CMP-0001;APP-PRD-0001;iPhone 16 128GB;174g;6GB;12MP;48MP;A17 Bionic;3,600mAh;6.1 inches;2024
CMP-0001;APP-PRD-0002;iPhone 16 256GB;174g;6GB;12MP;48MP;A17 Bionic;3,600mAh;6.1 inches;2024
CMP-0001;APP-PRD-0003;iPhone 16 512GB;174g;6GB;12MP;48MP;A17 Bionic;3,600mAh;6.1 inches;2024
CMP-0001;APP-PRD-0004;iPhone 16 Plus 128GB;203g;6GB;12MP;48MP;A17 Bionic;4,200mAh;6.7 inches;2024
CMP-0001;APP-PRD-0005;iPhone 16 Plus 256GB;203g;6GB;12MP;48MP;A17 Bionic;4,200mAh;6.7 inches;2024
CMP-0001;APP-PRD-0006;iPhone 16 Plus 512GB;203g;6GB;12MP;48MP;A17 Bionic;4,200mAh;6.7 inches;2024
CMP-0001;APP-PRD-0007;iPhone 16 Pro 128GB;206g;6GB;12MP / 4K;50MP + 12MP;A17 Pro;4,400mAh;6.1 inches;2024
CMP-0001;APP-PRD-0008;iPhone 16 Pro 256GB;206g;8GB;12MP / 4K;50MP + 12MP;A17 Pro;4,400mAh;6.1 inches;2024
CMP-0001;APP-PRD-0009;iPhone 16 Pro 512GB;206g;8GB;12MP / 4K;50MP + 12MP;A17 Pro;4,400mAh;6.1 inches;2024
CMP-0001;APP-PRD-0010;iPhone 16 Pro Max 128GB;221g;6GB;12MP / 4K;48MP + 12MP;A17 Pro;4,500mAh;6.7 inches;2024
CMP-0001;APP-PRD-0011;iPhone 16 Pro Max 256GB;221g;8GB;12MP / 4K;48MP + 12MP;A17 Pro;4,500mAh;6.7 inches;2024
CMP-0001;APP-PRD-0012;iPhone 16 Pro Max 512GB;221g;8GB;12MP / 4K;48MP + 12MP;A17 Pro;4,500mAh;6.7 inches;2024
CMP-0001;APP-PRD-0013;iPhone 15 128GB;171g;6GB;12MP;48MP;A16 Bionic;3,200mAh;6.1 inches;2023
CMP-0001;APP-PRD-0014;iPhone 15 256GB;171g;6GB;12MP;48MP;A16 Bionic;3,200mAh;6.1 inches;2023
CMP-0001;APP-PRD-0015;iPhone 15 512GB;171g;6GB;12MP;48MP;A16 Bionic;3,200mAh;6.1 inches;2023
CMP-0001;APP-PRD-0016;iPhone 15 Plus 128GB;203g;6GB;12MP;48MP;A16 Bionic;4,300mAh;6.7 inches;2023
CMP-0001;APP-PRD-0017;iPhone 15 Plus 256GB;203g;6GB;12MP;48MP;A16 Bionic;4,300mAh;6.7 inches;2023
CMP-0001;APP-PRD-0018;iPhone 15 Plus 512GB;203g;6GB;12MP;48MP;A16 Bionic;4,300mAh;6.7 inches;2023
CMP-0001;APP-PRD-0019;iPhone 15 Pro 128GB;206g;6GB;12MP / 4K;48MP + 12MP;A16 Bionic;4,400mAh;6.1 inches;2023
CMP-0001;APP-PRD-0020;iPhone 15 Pro 256GB;206g;8GB;12MP / 4K;48MP + 12MP;A16 Bionic;4,400mAh;6.1 inches;2023
CMP-0001;APP-PRD-0021;iPhone 15 Pro 512GB;206g;8GB;12MP / 4K;48MP + 12MP;A16 Bionic;4,400mAh;6.1 inches;2023
CMP-0001;APP-PRD-0022;iPhone 15 Pro Max 128GB;221g;6GB;12MP / 4K;48MP + 12MP;A16 Bionic;4,500mAh;6.7 inches;2023
CMP-0001;APP-PRD-0023;iPhone 15 Pro Max 256GB;221g;8GB;12MP / 4K;48MP + 12MP;A16 Bionic;4,500mAh;6.7 inches;2023
CMP-0001;APP-PRD-0024;iPhone 15 Pro Max 512GB;221g;8GB;12MP / 4K;48MP + 12MP;A16 Bionic;4,500mAh;6.7 inches;2023
CMP-0001;APP-PRD-0025;iPhone 14 128GB;172g;6GB;12MP;12MP + 12MP;A15 Bionic;3,200mAh;6.1 inches;2022
CMP-0001;APP-PRD-0026;iPhone 14 256GB;172g;6GB;12MP;12MP + 12MP;A15 Bionic;3,200mAh;6.1 inches;2022
CMP-0001;APP-PRD-0027;iPhone 14 512GB;172g;6GB;12MP;12MP + 12MP;A15 Bionic;3,200mAh;6.1 inches;2022
CMP-0001;APP-PRD-0028;iPhone 14 Plus 128GB;203g;6GB;12MP;12MP + 12MP;A15 Bionic;4,325mAh;6.7 inches;2022
CMP-0001;APP-PRD-0029;iPhone 14 Plus 256GB;203g;6GB;12MP;12MP + 12MP;A15 Bionic;4,325mAh;6.7 inches;2022
CMP-0001;APP-PRD-0030;iPhone 14 Plus 512GB;203g;6GB;12MP;12MP + 12MP;A15 Bionic;4,325mAh;6.7 inches;2022
CMP-0001;APP-PRD-0031;iPhone 14 Pro 128GB;206g;6GB;12MP / 4K;48MP + 12MP;A16 Bionic;4,200mAh;6.1 inches;2022
CMP-0001;APP-PRD-0032;iPhone 14 Pro 256GB;206g;8GB;12MP / 4K;48MP + 12MP;A16 Bionic;4,200mAh;6.1 inches;2022
CMP-0001;APP-PRD-0033;iPhone 14 Pro 512GB;206g;8GB;12MP / 4K;48MP + 12MP;A16 Bionic;4,200mAh;6.1 inches;2022
CMP-0001;APP-PRD-0034;iPhone 14 Pro Max 128GB;221g;6GB;12MP / 4K;48MP + 12MP;A16 Bionic;4,500mAh;6.7 inches;2022
CMP-0001;APP-PRD-0035;iPhone 14 Pro Max 256GB;221g;8GB;12MP / 4K;48MP + 12MP;A16 Bionic;4,500mAh;6.7 inches;2022
CMP-0001;APP-PRD-0036;iPhone 14 Pro Max 512GB;221g;8GB;12MP / 4K;48MP + 12MP;A16 Bionic;4,500mAh;6.7 inches;2022
CMP-0001;APP-PRD-0037;iPhone 13 mini 128GB;140g;4GB;12MP;12MP;A15 Bionic;2,438mAh;5.4 inches;2021
CMP-0001;APP-PRD-0038;iPhone 13 mini 256GB;140g;4GB;12MP;12MP;A15 Bionic;2,438mAh;5.4 inches;2021
CMP-0001;APP-PRD-0039;iPhone 13 mini 512GB;140g;4GB;12MP;12MP;A15 Bionic;2,438mAh;5.4 inches;2021
CMP-0001;APP-PRD-0040;iPhone 13 128GB;174g;4GB;12MP;12MP + 12MP;A15 Bionic;3,240mAh;6.1 inches;2021
CMP-0001;APP-PRD-0041;iPhone 13 256GB;174g;4GB;12MP;12MP + 12MP;A15 Bionic;3,240mAh;6.1 inches;2021
CMP-0001;APP-PRD-0042;iPhone 13 512GB;174g;4GB;12MP;12MP + 12MP;A15 Bionic;3,240mAh;6.1 inches;2021
CMP-0001;APP-PRD-0043;iPhone 13 Pro 128GB;204g;6GB;12MP / 4K;12MP + 12MP + 12MP;A15 Bionic;3,095mAh;6.1 inches;2021
CMP-0001;APP-PRD-0044;iPhone 13 Pro 256GB;204g;6GB;12MP / 4K;12MP + 12MP + 12MP;A15 Bionic;3,095mAh;6.1 inches;2021
CMP-0001;APP-PRD-0045;iPhone 13 Pro 512GB;204g;6GB;12MP / 4K;12MP + 12MP + 12MP;A15 Bionic;3,095mAh;6.1 inches;2021
CMP-0001;APP-PRD-0046;iPhone 13 Pro Max 128GB;238g;6GB;12MP / 4K;12MP + 12MP + 12MP;A15 Bionic;4,352mAh;6.7 inches;2021
CMP-0001;APP-PRD-0047;iPhone 13 Pro Max 256GB;238g;6GB;12MP / 4K;12MP + 12MP + 12MP;A15 Bionic;4,352mAh;6.7 inches;2021
CMP-0001;APP-PRD-0048;iPhone 13 Pro Max 512GB;238g;6GB;12MP / 4K;12MP + 12MP + 12MP;A15 Bionic;4,352mAh;6.7 inches;2021
CMP-0001;APP-PRD-0049;iPhone 12 mini 64GB;135g;4GB;12MP;12MP;A14 Bionic;2,227mAh;5.4 inches;2020
CMP-0001;APP-PRD-0050;iPhone 12 mini 128GB;135g;4GB;12MP;12MP;A14 Bionic;2,227mAh;5.4 inches;2020
CMP-0001;APP-PRD-0051;iPhone 12 mini 256GB;135g;4GB;12MP;12MP;A14 Bionic;2,227mAh;5.4 inches;2020
CMP-0001;APP-PRD-0052;iPhone 12 64GB;164g;4GB;12MP;12MP + 12MP;A14 Bionic;2,815mAh;6.1 inches;2020
CMP-0001;APP-PRD-0053;iPhone 12 128GB;164g;4GB;12MP;12MP + 12MP;A14 Bionic;2,815mAh;6.1 inches;2020
CMP-0001;APP-PRD-0054;iPhone 12 256GB;164g;4GB;12MP;12MP + 12MP;A14 Bionic;2,815mAh;6.1 inches;2020
CMP-0001;APP-PRD-0055;iPhone 12 Pro 128GB;189g;6GB;12MP / 4K;12MP + 12MP + 12MP;A14 Bionic;2,815mAh;6.1 inches;2020
CMP-0001;APP-PRD-0056;iPhone 12 Pro 256GB;189g;6GB;12MP / 4K;12MP + 12MP + 12MP;A14 Bionic;2,815mAh;6.1 inches;2020
CMP-0001;APP-PRD-0057;iPhone 12 Pro 512GB;189g;6GB;12MP / 4K;12MP + 12MP + 12MP;A14 Bionic;2,815mAh;6.1 inches;2020
CMP-0001;APP-PRD-0058;iPhone 12 Pro Max 128GB;228g;6GB;12MP / 4K;12MP + 12MP + 12MP;A14 Bionic;3,687mAh;6.7 inches;2020
CMP-0001;APP-PRD-0059;iPhone 12 Pro Max 256GB;228g;6GB;12MP / 4K;12MP + 12MP + 12MP;A14 Bionic;3,687mAh;6.7 inches;2020
CMP-0001;APP-PRD-0060;iPhone 12 Pro Max 512GB;228g;6GB;12MP / 4K;12MP + 12MP + 12MP;A14 Bionic;3,687mAh;6.7 inches;2020
CMP-0001;APP-PRD-0061;iPhone 11 64GB;194g;4GB;12MP;12MP + 12MP;A13 Bionic;3,110mAh;6.1 inches;2019
CMP-0001;APP-PRD-0062;iPhone 11 128GB;194g;4GB;12MP;12MP + 12MP;A13 Bionic;3,110mAh;6.1 inches;2019
CMP-0001;APP-PRD-0063;iPhone 11 256GB;194g;4GB;12MP;12MP + 12MP;A13 Bionic;3,110mAh;6.1 inches;2019
CMP-0001;APP-PRD-0064;iPhone 11 Pro 64GB;188g;4GB;12MP / 4K;12MP + 12MP + 12MP;A13 Bionic;3,046mAh;5.8 inches;2019
CMP-0001;APP-PRD-0065;iPhone 11 Pro 256GB;188g;4GB;12MP / 4K;12MP + 12MP + 12MP;A13 Bionic;3,046mAh;5.8 inches;2019
CMP-0001;APP-PRD-0066;iPhone 11 Pro 512GB;188g;4GB;12MP / 4K;12MP + 12MP + 12MP;A13 Bionic;3,046mAh;5.8 inches;2019
CMP-0001;APP-PRD-0067;iPhone 11 Pro Max 64GB;226g;4GB;12MP / 4K;12MP + 12MP + 12MP;A13 Bionic;3,969mAh;6.5 inches;2019
CMP-0001;APP-PRD-0068;iPhone 11 Pro Max 256GB;226g;4GB;12MP / 4K;12MP + 12MP + 12MP;A13 Bionic;3,969mAh;6.5 inches;2019
CMP-0001;APP-PRD-0069;iPhone 11 Pro Max 512GB;226g;4GB;12MP / 4K;12MP + 12MP + 12MP;A13 Bionic;3,969mAh;6.5 inches;2019
CMP-0001;APP-PRD-0070;iPhone X 64GB;174g;3GB;7MP;12MP + 12MP;A11 Bionic;2,716mAh;5.8 inches;2017
CMP-0001;APP-PRD-0071;iPhone X 256GB;174g;3GB;7MP;12MP + 12MP;A11 Bionic;2,716mAh;5.8 inches;2017
CMP-0001;APP-PRD-0072;iPhone XS 64GB;177g;4GB;7MP;12MP + 12MP;A12 Bionic;2,658mAh;5.8 inches;2018
CMP-0001;APP-PRD-0073;iPhone XS 256GB;177g;4GB;7MP;12MP + 12MP;A12 Bionic;2,658mAh;5.8 inches;2018
CMP-0001;APP-PRD-0074;iPhone XS 512GB;177g;4GB;7MP;12MP + 12MP;A12 Bionic;2,658mAh;5.8 inches;2018
CMP-0001;APP-PRD-0075;iPhone XS Max 64GB;208g;4GB;7MP;12MP + 12MP;A12 Bionic;3,174mAh;6.5 inches;2018
CMP-0001;APP-PRD-0076;iPhone XS Max 256GB;208g;4GB;7MP;12MP + 12MP;A12 Bionic;3,174mAh;6.5 inches;2018
CMP-0001;APP-PRD-0077;iPhone XS Max 512GB;208g;4GB;7MP;12MP + 12MP;A12 Bionic;3,174mAh;6.5 inches;2018
CMP-0001;APP-PRD-0078;iPhone XR 64GB;194g;3GB;7MP;12MP + 12MP;A12 Bionic;2,942mAh;6.1 inches;2018
CMP-0001;APP-PRD-0079;iPhone XR 128GB;194g;3GB;7MP;12MP + 12MP;A12 Bionic;2,942mAh;6.1 inches;2018
CMP-0001;APP-PRD-0080;iPhone XR 256GB;194g;3GB;7MP;12MP + 12MP;A12 Bionic;2,942mAh;6.1 inches;2018
CMP-0001;APP-PRD-0081;iPad Air 10.9-inch 64GB;458g;4GB;12MP;12MP;A14 Bionic;7,608mAh;10.9 inches;2020
CMP-0001;APP-PRD-0082;iPad Air 10.9-inch 256GB;458g;4GB;12MP;12MP;A14 Bionic;7,608mAh;10.9 inches;2020
CMP-0001;APP-PRD-0083;iPad 10.2-inch 32GB;490g;3GB;12MP;8MP;A13 Bionic;8,612mAh;10.2 inches;2020
CMP-0001;APP-PRD-0084;iPad 10.2-inch 128GB;490g;3GB;12MP;8MP;A13 Bionic;8,612mAh;10.2 inches;2020
CMP-0001;APP-PRD-0085;iPad Mini 7.9-inch 64GB;300.5g;3GB;7MP;8MP;A12 Bionic;5,124mAh;7.9 inches;2019
CMP-0001;APP-PRD-0086;iPad Mini 7.9-inch 256GB;300.5g;3GB;7MP;8MP;A12 Bionic;5,124mAh;7.9 inches;2019
CMP-0001;APP-PRD-0087;iPad Pro 11-inch 128GB;468g;4GB;7MP;12MP + 10MP;A12Z Bionic;7,812mAh;11 inches;2020
CMP-0001;APP-PRD-0088;iPad Pro 11-inch 256GB;468g;4GB;7MP;12MP + 10MP;A12Z Bionic;7,812mAh;11 inches;2020
CMP-0001;APP-PRD-0089;iPad Pro 11-inch 512GB;468g;6GB;7MP;12MP + 10MP;A12Z Bionic;7,812mAh;11 inches;2020
CMP-0001;APP-PRD-0090;iPad Pro 12.9-inch 128GB;682g;6GB;7MP;12MP + 10MP;A12Z Bionic;9,720mAh;12.9 inches;2020
CMP-0001;APP-PRD-0091;iPad Pro 12.9-inch 256GB;682g;6GB;7MP;12MP + 10MP;A12Z Bionic;9,720mAh;12.9 inches;2020
CMP-0001;APP-PRD-0092;iPad Pro 12.9-inch 512GB;682g;6GB;7MP;12MP + 10MP;A12Z Bionic;9,720mAh;12.9 inches;2020
CMP-0001;APP-PRD-0093;iPad Pro 13-inch 128GB;708g;6GB;7MP;12MP + 10MP;A12Z Bionic;10,307mAh;13 inches;2020
CMP-0001;APP-PRD-0094;iPad Pro 13-inch 256GB;708g;6GB;7MP;12MP + 10MP;A12Z Bionic;10,307mAh;13 inches;2020
CMP-0001;APP-PRD-0095;iPad Pro 13-inch 512GB;708g;6GB;7MP;12MP + 10MP;A12Z Bionic;10,307mAh;13 inches;2020
CMP-0001;APP-PRD-0096;iPad Pro 13-inch 1TB;708g;6GB;7MP;12MP + 10MP;A12Z Bionic;10,307mAh;13 inches;2020
CMP-0001;APP-PRD-0097;iPad Pro 13-inch 2TB;708g;6GB;7MP;12MP + 10MP;A12Z Bionic;10,307mAh;13 inches;2020
CMP-0014;GOO-PRD-0001;Pixel 3a 64GB;147g;4GB;8MP;12.2MP;Snapdragon 670;3,000mAh;5.6 inches;2019
CMP-0014;GOO-PRD-0002;Pixel 3a XL 64GB;167g;4GB;8MP;12.2MP;Snapdragon 670;3,700mAh;6.0 inches;2019
CMP-0014;GOO-PRD-0003;Pixel 4 64GB;162g;6GB;8MP;12.2MP;Snapdragon 855;2,800mAh;5.7 inches;2019
CMP-0014;GOO-PRD-0004;Pixel 4 XL 64GB;193g;6GB;8MP;12.2MP;Snapdragon 855;3,700mAh;6.3 inches;2019
CMP-0014;GOO-PRD-0005;Pixel 4a 128GB;143g;6GB;8MP;12.2MP;Snapdragon 730G;3,140mAh;5.8 inches;2020
CMP-0014;GOO-PRD-0006;Pixel 4a 5G 128GB;168g;6GB;8MP;12.2MP;Snapdragon 765G;3,885mAh;6.2 inches;2020
CMP-0014;GOO-PRD-0007;Pixel 5 128GB;151g;8GB;8MP;12.2MP;Snapdragon 765G;4,080mAh;6.0 inches;2020
CMP-0014;GOO-PRD-0008;Pixel 5a 128GB;183g;6GB;8MP;12.2MP;Snapdragon 765G;4,680mAh;6.34 inches;2021
CMP-0014;GOO-PRD-0009;Pixel 6 128GB;207g;8GB;8MP;50MP;Google Tensor;4,614mAh;6.4 inches;2021
CMP-0014;GOO-PRD-0010;Pixel 6 Pro 256GB;210g;12GB;11.1MP;50MP;Google Tensor;5,003mAh;6.71 inches;2021
CMP-0014;GOO-PRD-0011;Pixel 6a 128GB;178g;6GB;8MP;12.2MP;Google Tensor;4,410mAh;6.1 inches;2022
CMP-0014;GOO-PRD-0012;Pixel 7 128GB;197g;8GB;10.8MP;50MP;Google Tensor G2;4,355mAh;6.3 inches;2022
CMP-0014;GOO-PRD-0013;Pixel 7 Pro 256GB;212g;12GB;10.8MP;50MP;Google Tensor G2;5,000mAh;6.7 inches;2022
CMP-0014;GOO-PRD-0014;Pixel 7a 128GB;193g;8GB;10.8MP;64MP;Google Tensor G2;4,385mAh;6.1 inches;2023
CMP-0014;GOO-PRD-0015;Pixel 8 128GB;187g;8GB;10.5MP;50MP;Google Tensor G3;4,575mAh;6.2 inches;2023
CMP-0014;GOO-PRD-0016;Pixel 8 Pro 256GB;213g;12GB;10.5MP;50MP;Google Tensor G3;5,050mAh;6.7 inches;2023
CMP-0014;GOO-PRD-0017;Pixel 8a 128GB;194g;8GB;10.5MP;64MP;Google Tensor G3;4,385mAh;6.1 inches;2024
CMP-0014;GOO-PRD-0018;Pixel 9 128GB;195g;8GB;10.8MP;50MP;Google Tensor G4;4,600mAh;6.3 inches;2024
CMP-0014;GOO-PRD-0019;Pixel 9 Pro 256GB;216g;12GB;10.8MP;50MP;Google Tensor G4;5,050mAh;6.7 inches;2024
CMP-0014;GOO-PRD-0020;Pixel 9 Pro XL 512GB;222g;16GB;10.8MP;50MP;Google Tensor G4;5,250mAh;6.8 inches;2024
CMP-0014;GOO-PRD-0021;Pixel 9 Pro Fold 512GB;250g;16GB;10.8MP;50MP;Google Tensor G4;5,500mAh;7.6 inches;2024
CMP-0017;HON-PRD-0001;9X Lite;175g;4GB;8MP;48MP;Kirin 710F;3,750mAh;6.5 inches;2020
CMP-0017;HON-PRD-0002;30;185g;8GB;32MP;40MP;Kirin 985 5G;4,000mAh;6.53 inches;2020
CMP-0017;HON-PRD-0003;30 Pro;190g;8GB;32MP;50MP;Kirin 990 5G;4,000mAh;6.57 inches;2020
CMP-0017;HON-PRD-0004;30 Pro+;192g;12GB;32MP;50MP;Kirin 990 5G;4,000mAh;6.57 inches;2020
CMP-0017;HON-PRD-0005;30S;190g;6GB;16MP;64MP;Kirin 820 5G;4,000mAh;6.5 inches;2020
CMP-0017;HON-PRD-0006;X10;203g;6GB;16MP;40MP;Kirin 820 5G;4,300mAh;6.63 inches;2020
CMP-0017;HON-PRD-0007;X10 Max;227g;8GB;8MP;48MP;MediaTek Dimensity 800;5,000mAh;7.09 inches;2020
CMP-0017;HON-PRD-0008;Play 4;213g;6GB;16MP;64MP;MediaTek Dimensity 800;4,300mAh;6.81 inches;2020
CMP-0017;HON-PRD-0009;Play 4 Pro;213g;8GB;32MP;40MP;Kirin 990 5G;4,200mAh;6.57 inches;2020
CMP-0017;HON-PRD-0010;10X Lite;206g;4GB;8MP;48MP;Kirin 710A;5,000mAh;6.67 inches;2020
CMP-0017;HON-PRD-0011;V40;189g;8GB;16MP;50MP;MediaTek Dimensity 1000+;4,000mAh;6.72 inches;2021
CMP-0017;HON-PRD-0012;50;175g;8GB;32MP;108MP;Qualcomm Snapdragon 778G;4,300mAh;6.57 inches;2021
CMP-0017;HON-PRD-0013;50 Pro;187g;8GB;32MP;108MP;Qualcomm Snapdragon 778G;4,000mAh;6.72 inches;2021
CMP-0017;HON-PRD-0014;50 SE;191g;8GB;16MP;108MP;MediaTek Dimensity 900;4,000mAh;6.78 inches;2021
CMP-0017;HON-PRD-0015;X20;192g;6GB;16MP;64MP;MediaTek Dimensity 900;4,300mAh;6.67 inches;2021
CMP-0017;HON-PRD-0016;X20 SE;179g;6GB;16MP;64MP;MediaTek Dimensity 700;4,000mAh;6.6 inches;2021
CMP-0017;HON-PRD-0017;Play 5;179g;8GB;16MP;64MP;MediaTek Dimensity 800U;3,800mAh;6.53 inches;2021
CMP-0017;HON-PRD-0018;Play 5T;191g;6GB;8MP;13MP;Unisoc T610;5,000mAh;6.5 inches;2021
CMP-0017;HON-PRD-0019;Magic3;202g;8GB;13MP;50MP;Qualcomm Snapdragon 888;4,600mAh;6.76 inches;2021
CMP-0017;HON-PRD-0020;Magic3 Pro;213g;8GB;13MP;50MP;Qualcomm Snapdragon 888+;4,600mAh;6.76 inches;2021
CMP-0017;HON-PRD-0021;Magic3 Pro+;236g;12GB;13MP;50MP;Qualcomm Snapdragon 888+;4,600mAh;6.76 inches;2021
CMP-0017;HON-PRD-0022;60;179g;8GB;32MP;108MP;Qualcomm Snapdragon 778G;4,800mAh;6.67 inches;2021
CMP-0017;HON-PRD-0023;60 Pro;192g;8GB;50MP;108MP;Qualcomm Snapdragon 778G+;4,800mAh;6.78 inches;2021
CMP-0017;HON-PRD-0024;60 SE;191g;8GB;16MP;64MP;MediaTek Dimensity 900;4,300mAh;6.67 inches;2021
CMP-0017;HON-PRD-0025;X30;189g;6GB;16MP;48MP;Qualcomm Snapdragon 695;4,800mAh;6.81 inches;2021
CMP-0017;HON-PRD-0026;X30i;175g;6GB;16MP;48MP;MediaTek Dimensity 810;4,000mAh;6.7 inches;2021
CMP-0017;HON-PRD-0027;X30 Max;228g;8GB;8MP;64MP;MediaTek Dimensity 900;5,000mAh;7.09 inches;2021
CMP-0017;HON-PRD-0028;Play 6;190g;6GB;5MP;13MP;MediaTek MT6762G Helio G25;5,000mAh;6.52 inches;2022
CMP-0017;HON-PRD-0029;Play 6T;198g;6GB;5MP;13MP;MediaTek Dimensity 700;5,000mAh;6.74 inches;2022
CMP-0017;HON-PRD-0030;Magic4;199g;8GB;12MP;50MP;Qualcomm Snapdragon 8 Gen 1;4,800mAh;6.81 inches;2022
CMP-0017;HON-PRD-0031;Magic4 Pro;215g;8GB;12MP;50MP;Qualcomm Snapdragon 8 Gen 1;4,600mAh;6.81 inches;2022
CMP-0017;HON-PRD-0032;Magic4 Ultimate;242g;12GB;12MP;50MP;Qualcomm Snapdragon 8 Gen 1;4,600mAh;6.81 inches;2022
CMP-0017;HON-PRD-0033;Magic V;288g;12GB;42MP;50MP;Qualcomm Snapdragon 8 Gen 1;4,750mAh;7.9 inches;2022
CMP-0017;HON-PRD-0034;70;178g;8GB;32MP;54MP;Qualcomm Snapdragon 778G+;4,800mAh;6.67 inches;2022
CMP-0017;HON-PRD-0035;70 Pro;192g;8GB;50MP;54MP;MediaTek Dimensity 8000;4,500mAh;6.78 inches;2022
CMP-0017;HON-PRD-0036;70 Pro+;209g;12GB;50MP;54MP;MediaTek Dimensity 9000;4,500mAh;6.78 inches;2022
CMP-0017;HON-PRD-0037;X40;172g;6GB;8MP;50MP;Qualcomm Snapdragon 695;5,100mAh;6.67 inches;2022
CMP-0017;HON-PRD-0038;X40i;175g;6GB;8MP;50MP;MediaTek Dimensity 700;4,000mAh;6.7 inches;2022
CMP-0017;HON-PRD-0039;Play 7;196g;4GB;5MP;13MP;MediaTek Helio G37;5,200mAh;6.74 inches;2023
CMP-0017;HON-PRD-0040;Play 7T;199g;6GB;5MP;13MP;MediaTek Dimensity 6020;5,200mAh;6.74 inches;2023
CMP-0017;HON-PRD-0041;Magic5;204g;8GB;12MP;50MP;Qualcomm Snapdragon 8 Gen 2;5,100mAh;6.81 inches;2023
CMP-0017;HON-PRD-0042;Magic5 Pro;219g;12GB;12MP;50MP;Qualcomm Snapdragon 8 Gen 2;5,100mAh;6.81 inches;2023
CMP-0017;HON-PRD-0043;Magic5 Ultimate;234g;16GB;12MP;50MP;Qualcomm Snapdragon 8 Gen 2;5,450mAh;6.81 inches;2023
CMP-0017;HON-PRD-0044;Magic Vs;267g;12GB;16MP;50MP;Qualcomm Snapdragon 8+ Gen 1;5,000mAh;7.9 inches;2023
CMP-0017;HON-PRD-0045;80;180g;8GB;32MP;160MP;Qualcomm Snapdragon 782G;4,800mAh;6.67 inches;2022
CMP-0017;HON-PRD-0046;80 Pro;193g;12GB;50MP;160MP;Qualcomm Snapdragon 8+ Gen 1;4,800mAh;6.78 inches;2022
CMP-0017;HON-PRD-0047;80 SE;175g;8GB;32MP;64MP;MediaTek Dimensity 900;4,600mAh;6.67 inches;2022
CMP-0017;HON-PRD-0048;X50;185g;6GB;8MP;108MP;Qualcomm Snapdragon 6 Gen 1;5,800mAh;6.78 inches;2023
CMP-0017;HON-PRD-0049;X50i;179g;6GB;8MP;100MP;MediaTek Dimensity 6020;4,500mAh;6.7 inches;2023
CMP-0017;HON-PRD-0050;Play 8;191g;4GB;5MP;13MP;MediaTek Helio G36;5,000mAh;6.52 inches;2023
CMP-0017;HON-PRD-0051;Play 8T;195g;6GB;5MP;50MP;MediaTek Dimensity 6100+;5,200mAh;6.74 inches;2023
CMP-0017;HON-PRD-0052;Magic6;203g;8GB;12MP;50MP;Qualcomm Snapdragon 8 Gen 3;5,200mAh;6.81 inches;2024
CMP-0017;HON-PRD-0053;Magic6 Pro;219g;12GB;12MP;50MP;Qualcomm Snapdragon 8 Gen 3;5,500mAh;6.81 inches;2024
CMP-0017;HON-PRD-0054;Magic6 Ultimate;234g;16GB;12MP;50MP;Qualcomm Snapdragon 8 Gen 3;5,550mAh;6.81 inches;2024
CMP-0017;HON-PRD-0055;Magic V2;231g;12GB;16MP;50MP;Qualcomm Snapdragon 8 Gen 2;5,000mAh;7.92 inches;2024
CMP-0017;HON-PRD-0056;90;183g;12GB;50MP;200MP;Qualcomm Snapdragon 7 Gen 1;5,000mAh;6.7 inches;2023
CMP-0017;HON-PRD-0057;90 Pro;192g;12GB;50MP;200MP;Qualcomm Snapdragon 8+ Gen 1;5,000mAh;6.78 inches;2023
CMP-0017;HON-PRD-0058;90 SE;175g;8GB;32MP;64MP;MediaTek Dimensity 900;4,600mAh;6.67 inches;2023
CMP-0017;HON-PRD-0059;X60;185g;6GB;8MP;108MP;Qualcomm Snapdragon 6 Gen 1;5,800mAh;6.78 inches;2023
CMP-0017;HON-PRD-0060;X60i;179g;6GB;8MP;100MP;MediaTek Dimensity 6020;4,500mAh;6.7 inches;2023
CMP-0017;HON-PRD-0061;Play 9;191g;4GB;5MP;13MP;MediaTek Helio G36;5,000mAh;6.52 inches;2023
CMP-0017;HON-PRD-0062;Play 9T;195g;6GB;5MP;50MP;MediaTek Dimensity 6100+;5,200mAh;6.74 inches;2023
CMP-0017;HON-PRD-0063;Magic7;203g;8GB;12MP;50MP;Qualcomm Snapdragon 8 Gen 3;5,200mAh;6.81 inches;2024
CMP-0017;HON-PRD-0064;Magic7 Pro;219g;12GB;12MP;50MP;Qualcomm Snapdragon 8 Gen 3;5,500mAh;6.81 inches;2024
CMP-0017;HON-PRD-0065;Magic7 Ultimate;234g;16GB;12MP;50MP;Qualcomm Snapdragon 8 Gen 3;5,550mAh;6.81 inches;2024
CMP-0017;HON-PRD-0066;Magic V3;231g;12GB;16MP;50MP;Qualcomm Snapdragon 8 Gen 2;5,000mAh;7.92 inches;2024
CMP-0017;HON-PRD-0067;Pad 6;460g;4GB;2MP;5MP;Qualcomm Snapdragon 662;5,100mAh;10.1 inches;2020
CMP-0017;HON-PRD-0068;Pad X6;460g;3GB;2MP;5MP;MediaTek MT8768T;5,100mAh;9.7 inches;2020
CMP-0017;HON-PRD-0069;Pad 7;460g;4GB;2MP;5MP;MediaTek Helio G80;5,100mAh;10.1 inches;2021
CMP-0017;HON-PRD-0070;Tablet V7;480g;6GB;8MP;13MP;MediaTek Dimensity 800;7,250mAh;10.4 inches;2021
CMP-0017;HON-PRD-0071;Tablet V7 Pro;485g;8GB;8MP;13MP;MediaTek Dimensity 1300T;7,250mAh;11.0 inches;2021
CMP-0017;HON-PRD-0072;Pad 8;520g;6GB;5MP;5MP;Qualcomm Snapdragon 680;7,250mAh;12.0 inches;2022
CMP-0017;HON-PRD-0073;Pad X8;460g;4GB;2MP;5MP;MediaTek Helio G80;5,100mAh;10.1 inches;2022
CMP-0017;HON-PRD-0074;Pad X8 Lite;450g;3GB;2MP;5MP;MediaTek MT8786;5,000mAh;9.7 inches;2022
CMP-0017;HON-PRD-0075;Pad V8;510g;6GB;5MP;13MP;MediaTek Dimensity 8020;7,250mAh;11.0 inches;2023
CMP-0017;HON-PRD-0076;Pad V8 Pro;530g;8GB;8MP;13MP;MediaTek Dimensity 9000;8,500mAh;12.1 inches;2023
CMP-0017;HON-PRD-0077;Pad 9;550g;8GB;8MP;13MP;Qualcomm Snapdragon 6 Gen 1;8,300mAh;12.1 inches;2024
CMP-0017;HON-PRD-0078;Pad 9 Pro;560g;12GB;8MP;13MP;MediaTek Dimensity 8100;9,000mAh;12.6 inches;2024
CMP-0017;HON-PRD-0079;Pad X9;495g;6GB;5MP;8MP;Qualcomm Snapdragon 685;7,250mAh;11.5 inches;2023
CMP-0017;HON-PRD-0080;Pad X8 Pro;460g;4GB;2MP;5MP;MediaTek Helio G80;5,100mAh;10.1 inches;2023
CMP-0017;HON-PRD-0081;MagicPad 13;590g;12GB;8MP;13MP;Qualcomm Snapdragon 8+ Gen 1;10,000mAh;13.0 inches;2023
CMP-0017;HON-PRD-0082;MagicPad 2;580g;16GB;12MP;16MP;Qualcomm Snapdragon 8 Gen 2;10,500mAh;13.2 inches;2024
CMP-0017;HON-PRD-0083;Pad X8a;450g;4GB;2MP;5MP;MediaTek MT8786;5,000mAh;9.7 inches;2023
CMP-0017;HON-PRD-0084;Pad X8a Kids Edition;460g;3GB;2MP;5MP;MediaTek MT8786;5,100mAh;9.7 inches;2023
CMP-0017;HON-PRD-0085;Pad X9 Pro;505g;8GB;8MP;13MP;Qualcomm Snapdragon 7s Gen 2;8,000mAh;11.6 inches;2024
CMP-0017;HON-PRD-0086;Pad V9;530g;8GB;8MP;13MP;MediaTek Dimensity 9000;8,500mAh;12.1 inches;2024
CMP-0017;HON-PRD-0087;Pad GT Pro;610g;12GB;12MP;16MP;Qualcomm Snapdragon 8 Gen 3;10,500mAh;13.5 inches;2024
CMP-0017;HON-PRD-0088;Pad X10;475g;6GB;5MP;8MP;Qualcomm Snapdragon 685;8,850mAh;12.1 inches;2024
CMP-0017;HON-PRD-0089;Pad X10 Pro;485g;8GB;8MP;13MP;Qualcomm Snapdragon 7s Gen 2;9,000mAh;12.6 inches;2024
CMP-0017;HON-PRD-0090;MagicPad 3;590g;12GB;12MP;16MP;Qualcomm Snapdragon 8 Gen 3;10,500mAh;13.0 inches;2024
CMP-0017;HON-PRD-0091;Pad V10;530g;8GB;8MP;13MP;MediaTek Dimensity 9000;8,500mAh;12.1 inches;2024
CMP-0011;HUA-PRD-0001;P50;181g;8GB;13MP;50MP;Snapdragon 888 4G;4,100mAh;6.5 inches;2021
CMP-0011;HUA-PRD-0002;P50 Pro;195g;8GB;13MP;50MP;Snapdragon 888 4G;4,360mAh;6.6 inches;2021
CMP-0011;HUA-PRD-0003;P50 Pocket;190g;8GB;10.7MP;40MP;Snapdragon 888 4G;4,000mAh;6.9 inches (unfolded);2021
CMP-0011;HUA-PRD-0004;Mate 40E;188g;8GB;13MP;64MP;Kirin 990E 5G;4,200mAh;6.5 inches;2021
CMP-0011;HUA-PRD-0005;Mate X2;295g;8GB;16MP;50MP;Kirin 9000 5G;4,500mAh;8.0 inches (unfolded);2021
CMP-0011;HUA-PRD-0006;Nova 9;175g;8GB;32MP;50MP;Snapdragon 778G 4G;4,300mAh;6.57 inches;2021
CMP-0011;HUA-PRD-0007;Nova 9 Pro;186g;8GB;Dual 32MP;50MP;Snapdragon 778G 4G;4,000mAh;6.72 inches;2021
CMP-0011;HUA-PRD-0008;P50E;181g;8GB;13MP;50MP;Snapdragon 778G 4G;4,100mAh;6.5 inches;2022
CMP-0011;HUA-PRD-0009;Mate Xs 2;255g;8GB;10.7MP;50MP;Snapdragon 888 4G;4,600mAh;7.8 inches (unfolded);2022
CMP-0011;HUA-PRD-0010;Mate 50;202g;8GB;13MP;50MP;Snapdragon 8+ Gen 1 4G;4,460mAh;6.7 inches;2022
CMP-0011;HUA-PRD-0011;Mate 50 Pro;205g;8GB;13MP;50MP;Snapdragon 8+ Gen 1 4G;4,700mAh;6.74 inches;2022
CMP-0011;HUA-PRD-0012;Nova 10;168g;8GB;60MP;50MP;Snapdragon 778G 4G;4,000mAh;6.67 inches;2022
CMP-0011;HUA-PRD-0013;Nova 10 Pro;191g;8GB;Dual 60MP;50MP;Snapdragon 778G 4G;4,500mAh;6.78 inches;2022
CMP-0011;HUA-PRD-0014;Nova 10 SE;184g;8GB;16MP;108MP;Snapdragon 680 4G;4,500mAh;6.67 inches;2022
CMP-0011;HUA-PRD-0015;P60;197g;8GB;13MP;48MP (wide) + 13MP (ultrawide) + 48MP (telephoto);Snapdragon 8+ Gen 1 4G;4,815mAh;6.67 inches;2023
CMP-0011;HUA-PRD-0016;P60 Pro;200g;8GB / 12GB;13MP;48MP (wide) + 13MP (ultrawide) + 48MP (telephoto);Snapdragon 8+ Gen 1 4G;4,815mAh;6.67 inches;2023
CMP-0011;HUA-PRD-0017;P60 Art;206g;8GB / 12GB;13MP;48MP (wide) + 40MP (ultrawide) + 48MP (telephoto);Snapdragon 8+ Gen 1 4G;5,100mAh;6.73 inches;2023
CMP-0011;HUA-PRD-0018;Mate X3;239g;12GB;8MP;50MP (wide) + 13MP (ultrawide) + 12MP (periscope telephoto);Snapdragon 8+ Gen 1 4G;4,800mAh;7.85 inches (unfolded);2023
CMP-0011;HUA-PRD-0019;Mate 60;209g;12GB;13MP;50MP (wide) + 12MP (ultrawide) + 12MP (telephoto);Kirin 9000S;4,750mAh;6.7 inches;2023
CMP-0011;HUA-PRD-0020;Mate 60 Pro;225g;12GB;13MP;50MP (wide) + 40MP (ultrawide) + 48MP (telephoto);Kirin 9000S;5,000mAh;6.82 inches;2023
CMP-0011;HUA-PRD-0021;Mate 60 Pro+;235g;12GB;13MP;50MP (wide) + 48MP (ultrawide) + 48MP (telephoto);Kirin 9000S;5,200mAh;6.82 inches;2023
CMP-0011;HUA-PRD-0022;Nova 11;168g;8GB;60MP;50MP (wide) + 8MP (ultrawide);Snapdragon 778G 4G;4,500mAh;6.7 inches;2023
CMP-0011;HUA-PRD-0023;Nova 11 Pro;188g;8GB;60MP (ultrawide) + 8MP (telephoto);50MP (wide) + 8MP (ultrawide);Snapdragon 778G 4G;4,500mAh;6.78 inches;2023
CMP-0011;HUA-PRD-0024;Nova 11 Ultra;188g;12GB;60MP (ultrawide) + 8MP (telephoto);50MP (wide) + 8MP (ultrawide);Snapdragon 778G 4G;4,500mAh;6.78 inches;2023
CMP-0011;HUA-PRD-0025;Pura 70;220g;12GB;13MP;50MP + 13MP + 12MP;Kirin 9010;4,900mAh;6.8 inches;2024
CMP-0011;HUA-PRD-0026;Pura 70 Pro;220g;12GB;13MP;50MP + 12.5MP + 48MP;Kirin 9010;5,050mAh;6.8 inches;2024
CMP-0011;HUA-PRD-0027;Pura 70 Pro+;220g;12GB;13MP;50MP + 12.5MP + 48MP;Kirin 9010;5,050mAh;6.8 inches;2024
CMP-0011;HUA-PRD-0028;Pura 70 Ultra;226g;16GB;13MP;50MP + 40MP + 50MP;Kirin 9010;5,200mAh;6.8 inches;2024
CMP-0011;HUA-PRD-0029;Mate 70;220g;12GB;13MP;50MP + 12MP;Kirin 9010;4,900mAh;6.7 inches;2024
CMP-0011;HUA-PRD-0030;Mate 70 Pro;220g;12GB;13MP;50MP + 12MP + 40MP;Kirin 9010;5,000mAh;6.8 inches;2024
CMP-0011;HUA-PRD-0031;Mate 70 Pro+;220g;12GB;13MP;50MP + 12MP + 40MP;Kirin 9010;5,000mAh;6.8 inches;2024
CMP-0011;HUA-PRD-0032;Mate X6;241g;12GB;8MP;50MP + 13MP + 12MP;Kirin 9010;4,800mAh;7.93 inches;2024
CMP-0011;HUA-PRD-0033;Nova 12;168g;8GB;60MP;50MP + 8MP;Kirin 9000S;4,500mAh;6.7 inches;2024
CMP-0011;HUA-PRD-0034;Nova 12 Pro;188g;8GB;60MP + 8MP;50MP + 8MP;Kirin 9000S;4,500mAh;6.78 inches;2024
CMP-0011;HUA-PRD-0035;Mate XT 256GB;245g;12GB;13MP;50MP + 12MP + 48MP;Kirin 9010;5,000mAh;7.92 inches;2024
CMP-0011;HUA-PRD-0036;Mate XT 512GB;245g;12GB;13MP;50MP + 12MP + 48MP;Kirin 9010;5,000mAh;7.92 inches;2024
CMP-0011;HUA-PRD-0037;Nova 13 256GB;170g;8GB;50MP;50MP + 8MP;Kirin 9000S;4,600mAh;6.7 inches;2024
CMP-0011;HUA-PRD-0038;Nova 13 512GB;170g;8GB;50MP;50MP + 8MP;Kirin 9000S;4,600mAh;6.7 inches;2024
CMP-0011;HUA-PRD-0039;Nova 13 Pro 256GB;190g;8GB;60MP + 8MP;50MP + 8MP;Kirin 9000S;4,600mAh;6.78 inches;2024
CMP-0011;HUA-PRD-0040;Nova 13 Pro 512GB;190g;8GB;60MP + 8MP;50MP + 8MP;Kirin 9000S;4,600mAh;6.78 inches;2024
CMP-0011;HUA-PRD-0041;MatePad Pro 12.2 512GB;508g;12GB;16MP;13MP (f/1.8, AF);Kirin 9000S;10,100mAh;12.2 inches;2024
CMP-0011;HUA-PRD-0042;MatePad Pro 13.2 512GB;580g;12GB;16MP;13MP (f/1.8, AF);Kirin 9000S;10,100mAh;13.2 inches;2024
CMP-0016;INF-PRD-0001;Xpad;450g;6GB;8MP;13MP;MediaTek Helio G99;7,000mAh;10.1 inches;2024
CMP-0016;INF-PRD-0002;Xpad 5G;470g;8GB;16MP;50MP;MediaTek Dimensity 810;8,000mAh;10.4 inches;2024
CMP-0016;INF-PRD-0003;Xpad Lite;420g;4GB;5MP;8MP;Unisoc T606;6,000mAh;9.7 inches;2024
CMP-0016;INF-PRD-0004;Xpad Pro;480g;12GB;32MP;50MP;MediaTek Dimensity 9200;9,000mAh;11.0 inches;2024
CMP-0016;INF-PRD-0005;Hot 50;192g;6GB;8MP;50MP;MediaTek Helio G85;5,000mAh;6.78 inches;2024
CMP-0016;INF-PRD-0006;Hot 50i;190g;4GB;8MP;50MP;Unisoc T606;5,000mAh;6.6 inches;2024
CMP-0016;INF-PRD-0007;Hot 50 5G;195g;8GB;16MP;50MP;MediaTek Dimensity 810;5,200mAh;6.78 inches;2024
CMP-0016;INF-PRD-0008;Hot 50 Pro;194g;8GB;16MP;50MP;MediaTek Helio G99;5,000mAh;6.8 inches;2024
CMP-0016;INF-PRD-0009;Hot 50 Pro+;196g;12GB;32MP;108MP;MediaTek Dimensity 9200;5,300mAh;6.9 inches;2024
CMP-0016;INF-PRD-0010;GT 20 Pro;198g;12GB;32MP;108MP;MediaTek Dimensity 8200;5,500mAh;6.9 inches;2024
CMP-0016;INF-PRD-0011;Note 40X 5G;198g;8GB;32MP;108MP;MediaTek Dimensity 7200;5,200mAh;6.8 inches;2024
CMP-0016;INF-PRD-0012;Note 40S;196g;8GB;32MP;50MP;MediaTek Helio G99;5,000mAh;6.78 inches;2024
CMP-0016;INF-PRD-0013;Note 40 5G;195g;8GB;32MP;108MP;MediaTek Dimensity 8100;5,200mAh;6.8 inches;2024
CMP-0016;INF-PRD-0014;Note 40 Pro 5G;195g;12GB;32MP;108MP;MediaTek Dimensity 9000;5,300mAh;6.8 inches;2024
CMP-0016;INF-PRD-0015;Note 40 Racing Edition;196g;12GB;32MP;108MP;MediaTek Dimensity 9200;5,500mAh;6.9 inches;2024
CMP-0016;INF-PRD-0016;Hot 40;196g;8GB;32MP;50MP;MediaTek Helio G88;5,000mAh;6.78 inches;2023
CMP-0016;INF-PRD-0017;Hot 40i;195g;4GB;8MP;13MP;Unisoc T606;5,000mAh;6.6 inches;2023
CMP-0016;INF-PRD-0018;Hot 40 Pro;195g;8GB;32MP;108MP;MediaTek Helio G99;5,000mAh;6.78 inches;2023
CMP-0016;INF-PRD-0019;Zero 40;195g;12GB;50MP;108MP;MediaTek Dimensity 8200;5,000mAh;6.78 inches;2024
CMP-0016;INF-PRD-0020;Zero 40 5G;195g;12GB;50MP;108MP;MediaTek Dimensity 8200;5,000mAh;6.78 inches;2024
CMP-0016;INF-PRD-0021;Zero Flip;190g;8GB;32MP;108MP;Qualcomm Snapdragon 778G;4,500mAh;6.7 inches;2024
CMP-0016;INF-PRD-0022;Note 40;190g;8GB;32MP;108MP;MediaTek Helio G99;5,000mAh;6.78 inches;2024
CMP-0016;INF-PRD-0023;Note 40 Pro;190g;12GB;32MP;108MP;MediaTek Dimensity 8100;5,000mAh;6.78 inches;2024
CMP-0016;INF-PRD-0024;Hot 30 128GB;196g;8GB;8MP;50MP;MediaTek Helio G88;5,000mAh;6.78 inches;2023
CMP-0016;INF-PRD-0025;Hot 30i 128GB;191g;4GB;8MP;13MP;Unisoc T606;5,000mAh;6.6 inches;2023
CMP-0016;INF-PRD-0026;Hot 30i NFC 128GB;191g;4GB;8MP;13MP;Unisoc T606;5,000mAh;6.6 inches;2023
CMP-0016;INF-PRD-0027;Hot 30 Play 128GB;205g;4GB;8MP;16MP;MediaTek Helio G37;6,000mAh;6.82 inches;2023
CMP-0016;INF-PRD-0028;Hot 30 5G 128GB;202g;8GB;8MP;50MP;MediaTek Dimensity 810;5,000mAh;6.78 inches;2023
CMP-0016;INF-PRD-0029;Zero 30 256GB;185g;8GB;50MP;108MP;MediaTek Dimensity 8020;5,000mAh;6.78 inches;2023
CMP-0016;INF-PRD-0030;Zero 30 5G 256GB;185g;12GB;50MP;108MP;MediaTek Dimensity 8020;5,000mAh;6.78 inches;2023
CMP-0016;INF-PRD-0031;GT 10 Pro 256GB;187g;8GB;32MP;108MP;MediaTek Dimensity 8050;5,000mAh;6.67 inches;2023
CMP-0016;INF-PRD-0032;Hot 12 128GB;195g;6GB;8MP;13MP;MediaTek Helio G85;5,000mAh;6.82 inches;2022
CMP-0016;INF-PRD-0033;Hot 12 Play 128GB;209g;4GB;8MP;13MP;Unisoc T610;6,000mAh;6.82 inches;2022
CMP-0016;INF-PRD-0034;Hot 12 Pro 128GB;191g;8GB;8MP;50MP;Unisoc T616;5,000mAh;6.6 inches;2022
CMP-0016;INF-PRD-0035;Hot 12i 64GB;190g;4GB;8MP;13MP;MediaTek Helio A22;5,000mAh;6.6 inches;2022
CMP-0016;INF-PRD-0036;Hot 20 128GB;198g;6GB;8MP;50MP;MediaTek Helio G85;5,000mAh;6.82 inches;2022
CMP-0016;INF-PRD-0037;Hot 20 Play 128GB;209g;4GB;8MP;13MP;MediaTek Helio G37;6,000mAh;6.82 inches;2022
CMP-0016;INF-PRD-0038;Hot 20s 128GB;202g;8GB;8MP;50MP;MediaTek Helio G96;5,000mAh;6.78 inches;2022
CMP-0016;INF-PRD-0039;Hot 20 5G 128GB;204g;6GB;8MP;50MP;MediaTek Dimensity 810;5,000mAh;6.6 inches;2022
CMP-0016;INF-PRD-0040;Hot 20i 64GB;195g;4GB;8MP;13MP;MediaTek Helio G25;5,000mAh;6.6 inches;2022
CMP-0016;INF-PRD-0041;Hot 10T 128GB;205g;4GB;8MP;48MP;MediaTek Helio G70;5,000mAh;6.82 inches;2021
CMP-0016;INF-PRD-0042;Hot 10S 128GB;211g;6GB;8MP;48MP;MediaTek Helio G85;6,000mAh;6.82 inches;2021
CMP-0016;INF-PRD-0043;Hot 10S NFC 128GB;211g;6GB;8MP;48MP;MediaTek Helio G85;6,000mAh;6.82 inches;2021
CMP-0016;INF-PRD-0044;Hot 10 Lite 64GB;195g;3GB;8MP;13MP;MediaTek Helio A25;5,000mAh;6.6 inches;2020
CMP-0016;INF-PRD-0045;Hot 10 Play 64GB;207g;4GB;8MP;13MP;MediaTek Helio G25;6,000mAh;6.82 inches;2021
CMP-0016;INF-PRD-0046;Hot 11 128GB;201g;4GB;8MP;13MP;MediaTek Helio G70;5,200mAh;6.6 inches;2021
CMP-0016;INF-PRD-0047;Hot 11 Play 128GB;209g;4GB;8MP;13MP;MediaTek Helio G35;6,000mAh;6.82 inches;2021
CMP-0016;INF-PRD-0048;Hot 11s 128GB;205g;6GB;8MP;50MP;MediaTek Helio G88;5,000mAh;6.78 inches;2021
CMP-0016;INF-PRD-0049;Smart HD 32GB;195g;2GB;5MP;8MP;MediaTek Helio A20;5,000mAh;6.1 inches;2020
CMP-0016;INF-PRD-0050;Note 8i 128GB;210g;6GB;8MP;48MP;MediaTek Helio G80;5,200mAh;6.78 inches;2020
CMP-0016;INF-PRD-0051;Hot 10 Lite 64GB;195g;3GB;8MP;13MP;MediaTek Helio A25;5,000mAh;6.6 inches;2020
CMP-0016;INF-PRD-0052;Note 8 128GB;210g;6GB;16MP;64MP;MediaTek Helio G80;5,200mAh;6.95 inches;2020
CMP-0016;INF-PRD-0053;Zero 8i 128GB;210g;8GB;16MP;48MP;MediaTek Helio G90T;4,500mAh;6.85 inches;2020
CMP-0016;INF-PRD-0054;Hot 10 128GB;204g;4GB;8MP;16MP;MediaTek Helio G70;5,200mAh;6.78 inches;2020
CMP-0016;INF-PRD-0055;Zero 8 128GB;205g;8GB;48MP;64MP;MediaTek Helio G90T;4,500mAh;6.85 inches;2020
CMP-0016;INF-PRD-0056;Smart 5 64GB;195g;3GB;8MP;13MP;MediaTek Helio A20;5,000mAh;6.6 inches;2020
CMP-0009;LEN-PRD-0001;Legion Y70 128GB;209g;8GB;16MP;50MP;Snapdragon 8+ Gen 1;5,100mAh;6.67 inches;2022
CMP-0009;LEN-PRD-0002;Legion Y70 256GB;209g;12GB;16MP;50MP;Snapdragon 8+ Gen 1;5,100mAh;6.67 inches;2022
CMP-0009;LEN-PRD-0003;Legion Y70 512GB;209g;16GB;16MP;50MP;Snapdragon 8+ Gen 1;5,100mAh;6.67 inches;2022
CMP-0009;LEN-PRD-0004;K14 Plus 64GB;198g;4GB;8MP;48MP;Unisoc T700;5,000mAh;6.5 inches;2022
CMP-0009;LEN-PRD-0005;K14 Plus 128GB;198g;6GB;8MP;48MP;Unisoc T700;5,000mAh;6.5 inches;2022
CMP-0009;LEN-PRD-0006;K13 Pro 128GB;200g;6GB;16MP;64MP;Snapdragon 662;5,000mAh;6.8 inches;2021
CMP-0009;LEN-PRD-0007;K13 32GB;190g;2GB;5MP;13MP;Unisoc SC9863A;5,000mAh;6.52 inches;2021
CMP-0009;LEN-PRD-0008;K13 Note 64GB;200g;4GB;8MP;48MP;Snapdragon 460;5,000mAh;6.5 inches;2021
CMP-0009;LEN-PRD-0009;K10 Plus 64GB;172g;4GB;16MP;13MP;Snapdragon 632;4,050mAh;6.22 inches;2019
CMP-0009;LEN-PRD-0010;A6 Note 32GB;172g;3GB;5MP;13MP;Helio P22;4,000mAh;6.09 inches;2019
CMP-0009;LEN-PRD-0011;K10 Note 64GB;164g;4GB;16MP;16MP;Snapdragon 710;4,050mAh;6.3 inches;2019
CMP-0009;LEN-PRD-0012;K10 Note 128GB;164g;6GB;16MP;16MP;Snapdragon 710;4,050mAh;6.3 inches;2019
CMP-0009;LEN-PRD-0013;Z6 Pro 128GB;185g;6GB;32MP;48MP;Snapdragon 855;4,000mAh;6.39 inches;2019
CMP-0009;LEN-PRD-0014;Z6 Pro 256GB;185g;8GB;32MP;48MP;Snapdragon 855;4,000mAh;6.39 inches;2019
CMP-0009;LEN-PRD-0015;Z5 Pro 64GB;210g;6GB;16MP;16MP;Snapdragon 710;3,350mAh;6.39 inches;2018
CMP-0010;MOT-PRD-0001;Edge 50 Fusion 128GB;168g;8GB;32MP;50MP;Snapdragon 7 Gen 1;5,000mAh;6.7 inches;2024
CMP-0010;MOT-PRD-0002;Edge 50 Fusion 256GB;168g;12GB;32MP;50MP;Snapdragon 7 Gen 1;5,000mAh;6.7 inches;2024
CMP-0010;MOT-PRD-0003;Edge 50 Pro 128GB;186g;8GB;50MP;50MP;Snapdragon 7 Gen 3;4,500mAh;6.7 inches;2024
CMP-0010;MOT-PRD-0004;Edge 50 Pro 256GB;186g;12GB;50MP;50MP;Snapdragon 7 Gen 3;4,500mAh;6.7 inches;2024
CMP-0010;MOT-PRD-0005;Razr 128GB;192g;8GB;32MP;50MP;Snapdragon 8+ Gen 1;3,500mAh;6.7 inches (main), 2.7 inches (external);2023
CMP-0010;MOT-PRD-0006;Razr 256GB;192g;12GB;32MP;50MP;Snapdragon 8+ Gen 1;3,500mAh;6.7 inches (main), 2.7 inches (external);2023
CMP-0010;MOT-PRD-0007;G84 5G 128GB;166g;8GB;16MP;50MP;Snapdragon 695;5,000mAh;6.5 inches;2023
CMP-0010;MOT-PRD-0008;G84 5G 256GB;166g;12GB;16MP;50MP;Snapdragon 695;5,000mAh;6.5 inches;2023
CMP-0010;MOT-PRD-0009;Moto G Stylus 64GB;195g;4GB;16MP;50MP;MediaTek Helio G88;5,000mAh;6.8 inches;2023
CMP-0010;MOT-PRD-0010;Moto G Stylus 128GB;195g;6GB;16MP;50MP;MediaTek Helio G88;5,000mAh;6.8 inches;2023
CMP-0010;MOT-PRD-0011;One Vision 3 128GB;180g;6GB;25MP;48MP;Exynos 9609;3,500mAh;6.3 inches;2024
CMP-0010;MOT-PRD-0012;One Vision 3 256GB;180g;8GB;25MP;48MP;Exynos 9609;3,500mAh;6.3 inches;2024
CMP-0010;MOT-PRD-0013;Edge 50 Lite 128GB;170g;6GB;32MP;64MP;Snapdragon 695;5,000mAh;6.7 inches;2024
CMP-0010;MOT-PRD-0014;Edge 50 Lite 256GB;170g;8GB;32MP;64MP;Snapdragon 695;5,000mAh;6.7 inches;2024
CMP-0010;MOT-PRD-0015;Moto E40 Plus 64GB;198g;4GB;8MP;48MP;Unisoc T700;5,000mAh;6.5 inches;2023
CMP-0010;MOT-PRD-0016;Moto E40 Plus 128GB;198g;6GB;8MP;48MP;Unisoc T700;5,000mAh;6.5 inches;2023
CMP-0010;MOT-PRD-0017;Moto G Power 64GB;206g;4GB;16MP;50MP;Snapdragon 662;5,000mAh;6.6 inches;2022
CMP-0010;MOT-PRD-0018;Moto G Power 128GB;206g;6GB;16MP;50MP;Snapdragon 662;5,000mAh;6.6 inches;2022
CMP-0010;MOT-PRD-0019;Moto G Play 32GB;203g;3GB;5MP;13MP;MediaTek Helio G25;5,000mAh;6.5 inches;2022
CMP-0010;MOT-PRD-0020;Moto G Play 64GB;203g;4GB;5MP;13MP;MediaTek Helio G25;5,000mAh;6.5 inches;2022
CMP-0010;MOT-PRD-0021;Moto G75 5G 128GB;205g;8GB;16MP;50MP;Snapdragon 6 Gen 3;5,000mAh;6.78 inches;2024
CMP-0010;MOT-PRD-0022;Moto G75 5G 256GB;205g;8GB;16MP;50MP;Snapdragon 6 Gen 3;5,000mAh;6.78 inches;2024
CMP-0010;MOT-PRD-0023;Moto S50 128GB;190g;8GB;32MP;64MP;MediaTek Dimensity 8100;4,500mAh;6.7 inches;2024
CMP-0010;MOT-PRD-0024;Moto S50 256GB;190g;12GB;32MP;64MP;MediaTek Dimensity 8100;4,500mAh;6.7 inches;2024
CMP-0010;MOT-PRD-0025;Edge 50 Neo 256GB;171g;8GB;32MP;50MP;MediaTek Dimensity 7300;4,310mAh;6.4 inches;2024
CMP-0010;MOT-PRD-0026;Edge 50 Neo 512GB;171g;12GB;32MP;50MP;MediaTek Dimensity 7300;4,310mAh;6.4 inches;2024
CMP-0010;MOT-PRD-0027;Moto G55 128GB;182g;8GB;16MP;50MP;MediaTek Dimensity 7025;5,000mAh;6.49 inches;2024
CMP-0010;MOT-PRD-0028;Moto G55 256GB;182g;8GB;16MP;50MP;MediaTek Dimensity 7025;5,000mAh;6.49 inches;2024
CMP-0010;MOT-PRD-0029;Moto G35 128GB;188g;4GB;16MP;50MP;Unisoc T760;5,000mAh;6.72 inches;2024
CMP-0010;MOT-PRD-0030;Moto G35 256GB;188g;8GB;16MP;50MP;Unisoc T760;5,000mAh;6.72 inches;2024
CMP-0010;MOT-PRD-0031;Moto G45 128GB;183g;6GB;16MP;50MP;Snapdragon 6s Gen 3;5,000mAh;6.5 inches;2024
CMP-0010;MOT-PRD-0032;Moto G45 256GB;183g;8GB;16MP;50MP;Snapdragon 6s Gen 3;5,000mAh;6.5 inches;2024
CMP-0010;MOT-PRD-0033;Edge 50 256GB;180g;8GB;32MP;50MP;Snapdragon 7s Gen 2;4,700mAh;6.7 inches;2024
CMP-0010;MOT-PRD-0034;Edge 50 512GB;180g;12GB;32MP;50MP;Snapdragon 7s Gen 2;4,700mAh;6.7 inches;2024
CMP-0010;MOT-PRD-0035;Razr 50 Ultra 512GB;189g;12GB;32MP;50MP;Snapdragon 8+ Gen 1;4,000mAh;6.9 inches (internal), 4.0 inches (external);2024
CMP-0010;MOT-PRD-0036;Razr 50 256GB;188g;8GB;32MP;50MP;Snapdragon 7 Gen 1;3,800mAh;6.7 inches (internal), 3.6 inches (external);2024
CMP-0010;MOT-PRD-0037;Moto G85 128GB;173g;8GB;32MP;50MP;Snapdragon 6s Gen 3;5,000mAh;6.67 inches;2024
CMP-0010;MOT-PRD-0038;Moto G85 256GB;173g;12GB;32MP;50MP;Snapdragon 6s Gen 3;5,000mAh;6.67 inches;2024
CMP-0010;MOT-PRD-0039;S50 Neo 256GB;170g;8GB;32MP;50MP;MediaTek Dimensity 7200;4,300mAh;6.5 inches;2024
CMP-0010;MOT-PRD-0040;S50 Neo 512GB;170g;12GB;32MP;50MP;MediaTek Dimensity 7200;4,300mAh;6.5 inches;2024
CMP-0010;MOT-PRD-0041;Moto E14 64GB;180g;4GB;8MP;13MP;Unisoc T606;5,000mAh;6.5 inches;2024
CMP-0010;MOT-PRD-0042;Moto E14 128GB;180g;4GB;8MP;13MP;Unisoc T606;5,000mAh;6.5 inches;2024
CMP-0010;MOT-PRD-0043;Edge 256GB;174g;8GB;32MP;50MP;Snapdragon 7s Gen 2;4,700mAh;6.7 inches;2024
CMP-0010;MOT-PRD-0044;Edge 512GB;174g;12GB;32MP;50MP;Snapdragon 7s Gen 2;4,700mAh;6.7 inches;2024
CMP-0010;MOT-PRD-0045;Moto X50 Ultra 512GB;198g;12GB;60MP;200MP;Snapdragon 8 Gen 3;5,000mAh;6.9 inches;2024
CMP-0010;MOT-PRD-0046;Moto G Stylus 5G 256GB;195g;6GB;16MP;50MP;Snapdragon 6 Gen 1;5,000mAh;6.8 inches;2024
CMP-0010;MOT-PRD-0047;Moto G Stylus 5G 512GB;195g;8GB;16MP;50MP;Snapdragon 6 Gen 1;5,000mAh;6.8 inches;2024
CMP-0010;MOT-PRD-0048;Edge 50 Ultra 512GB;198g;12GB;60MP;200MP;Snapdragon 8 Gen 3;5,000mAh;6.9 inches;2024
CMP-0010;MOT-PRD-0049;Edge 30 Fusion 128GB;168g;8GB;32MP;50MP;Snapdragon 888+ 5G;4,400mAh;6.55 inches;2022
CMP-0010;MOT-PRD-0050;Edge 30 Fusion 256GB;168g;12GB;32MP;50MP;Snapdragon 888+ 5G;4,400mAh;6.55 inches;2022
CMP-0010;MOT-PRD-0051;Edge 30 Neo 128GB;155g;6GB;32MP;64MP;Snapdragon 695 5G;4,020mAh;6.28 inches;2022
CMP-0010;MOT-PRD-0052;Edge 30 Neo 256GB;155g;8GB;32MP;64MP;Snapdragon 695 5G;4,020mAh;6.28 inches;2022
CMP-0010;MOT-PRD-0053;Moto G82 5G 128GB;173g;6GB;16MP;50MP;Snapdragon 695 5G;5,000mAh;6.6 inches;2022
CMP-0010;MOT-PRD-0054;Moto G82 5G 256GB;173g;8GB;16MP;50MP;Snapdragon 695 5G;5,000mAh;6.6 inches;2022
CMP-0010;MOT-PRD-0055;Moto G62 5G 128GB;184g;4GB;16MP;50MP;Snapdragon 480+ 5G;5,000mAh;6.5 inches;2022
CMP-0010;MOT-PRD-0056;Moto G62 5G 256GB;184g;6GB;16MP;50MP;Snapdragon 480+ 5G;5,000mAh;6.5 inches;2022
CMP-0010;MOT-PRD-0057;Moto G42 128GB;175g;4GB;16MP;50MP;Snapdragon 680 4G;5,000mAh;6.4 inches;2022
CMP-0010;MOT-PRD-0058;Moto G32 128GB;184g;4GB;16MP;50MP;Snapdragon 680 4G;5,000mAh;6.5 inches;2022
CMP-0010;MOT-PRD-0059;Moto E32s 64GB;185g;3GB;8MP;16MP;MediaTek Helio G37;5,000mAh;6.5 inches;2022
CMP-0010;MOT-PRD-0060;Moto E22i 32GB;169g;2GB;5MP;16MP;MediaTek Helio G37;4,020mAh;6.5 inches;2022
CMP-0010;MOT-PRD-0061;Moto E22 64GB;169g;4GB;5MP;16MP;MediaTek Helio G37;4,020mAh;6.5 inches;2022
CMP-0010;MOT-PRD-0062;Moto G22 64GB;185g;4GB;16MP;50MP;MediaTek Helio G37;5,000mAh;6.5 inches;2022
CMP-0012;NOK-PRD-0001;G42 5G 128GB;193g;4GB;8MP;50MP;Snapdragon 480+;5,000mAh;6.56 inches;2023
CMP-0012;NOK-PRD-0002;G20 64GB;197g;4GB;8MP;48MP;MediaTek G35;5,050mAh;6.52 inches;2021
CMP-0012;NOK-PRD-0003;G20 128GB;197g;4GB;8MP;48MP;MediaTek G35;5,050mAh;6.52 inches;2021
CMP-0012;NOK-PRD-0004;C32 64GB;199g;3GB;8MP;50MP;Unisoc SC9863A;5,000mAh;6.52 inches;2023
CMP-0012;NOK-PRD-0005;C32 128GB;199g;4GB;8MP;50MP;Unisoc SC9863A;5,000mAh;6.52 inches;2023
CMP-0012;NOK-PRD-0006;G21 64GB;190g;4GB;8MP;50MP;Unisoc T606;5,050mAh;6.5 inches;2022
CMP-0012;NOK-PRD-0007;G21 128GB;190g;6GB;8MP;50MP;Unisoc T606;5,050mAh;6.5 inches;2022
CMP-0012;NOK-PRD-0008;C22 64GB;190g;2GB;8MP;13MP;Unisoc SC9863A;5,000mAh;6.5 inches;2023
CMP-0012;NOK-PRD-0009;C22 128GB;190g;3GB;8MP;13MP;Unisoc SC9863A;5,000mAh;6.5 inches;2023
CMP-0012;NOK-PRD-0010;G400 128GB;198g;6GB;16MP;48MP;Snapdragon 480;5,000mAh;6.58 inches;2022
CMP-0012;NOK-PRD-0011;T21;466g;4GB;8MP;8MP;Unisoc T612;8200mAh;10.4 inches;2022
CMP-0003;ONE-PRD-0001;OnePlus 12 256GB;205g;12GB;32MP;50MP + 48MP;Snapdragon 8 Gen 3;5000mAh;6.7 inches;2024
CMP-0003;ONE-PRD-0002;OnePlus 12R 256GB;203g;12GB;16MP;50MP + 8MP;Snapdragon 8 Gen 2;4500mAh;6.7 inches;2024
CMP-0003;ONE-PRD-0003;OnePlus 11 256GB;205g;12GB;16MP;50MP + 48MP;Snapdragon 8 Gen 1;5000mAh;6.7 inches;2023
CMP-0003;ONE-PRD-0004;OnePlus 11R 256GB;202g;12GB;16MP;50MP + 8MP;Snapdragon 8 Gen 1;5000mAh;6.7 inches;2023
CMP-0003;ONE-PRD-0005;OnePlus Nord 3 256GB;190g;12GB;16MP;50MP + 8MP;MediaTek Dimensity 9000;5000mAh;6.74 inches;2023
CMP-0003;ONE-PRD-0006;OnePlus Nord CE 3 128GB;179g;8GB;16MP;50MP + 2MP;Snapdragon 782G;5000mAh;6.72 inches;2023
CMP-0003;ONE-PRD-0007;OnePlus Nord CE 3 Lite 128GB;195g;8GB;16MP;108MP;Snapdragon 695;5000mAh;6.72 inches;2023
CMP-0003;ONE-PRD-0008;OnePlus Nord N30 5G 128GB;192g;8GB;16MP;64MP + 2MP;MediaTek Dimensity 6020;5000mAh;6.72 inches;2023
CMP-0003;ONE-PRD-0009;OnePlus Open 256GB;238g;16GB;32MP;48MP + 48MP;Snapdragon 8 Gen 2;4800mAh;7.8 inches;2024
CMP-0003;ONE-PRD-0010;OnePlus 10 Pro 256GB;200g;12GB;32MP;50MP + 48MP;Snapdragon 8 Gen 1;5000mAh;6.7 inches;2022
CMP-0003;ONE-PRD-0011;OnePlus 10T 256GB;203g;12GB;16MP;50MP + 8MP;Snapdragon 8+ Gen 1;4500mAh;6.7 inches;2022
CMP-0003;ONE-PRD-0012;OnePlus 9 Pro 256GB;192g;12GB;16MP;48MP + 50MP;Snapdragon 888;4500mAh;6.7 inches;2021
CMP-0003;ONE-PRD-0013;OnePlus 9 128GB;183g;8GB;16MP;48MP + 50MP;Snapdragon 888;4500mAh;6.55 inches;2021
CMP-0003;ONE-PRD-0014;OnePlus 11 Pro 256GB;204g;16GB;32MP;50MP + 48MP;Snapdragon 8 Gen 2;5000mAh;6.7 inches;2023
CMP-0003;ONE-PRD-0015;OnePlus Nord 2T 128GB;190g;8GB;32MP;50MP + 8MP;MediaTek Dimensity 1300;4500mAh;6.43 inches;2022
CMP-0003;ONE-PRD-0016;OnePlus Nord 2 128GB;190g;8GB;32MP;50MP + 8MP;MediaTek Dimensity 1200-AI;4500mAh;6.43 inches;2021
CMP-0003;ONE-PRD-0017;OnePlus Nord N200 64GB;189g;4GB;16MP;13MP + 2MP;Snapdragon 480;5000mAh;6.49 inches;2021
CMP-0003;ONE-PRD-0018;OnePlus Nord N100 64GB;185g;4GB;8MP;13MP + 2MP;Qualcomm Snapdragon 460;5000mAh;6.52 inches;2020
CMP-0003;ONE-PRD-0019;OnePlus 8T Cyberpunk 2077 Edition 256GB;188g;12GB;16MP;48MP + 16MP;Snapdragon 865;4500mAh;6.55 inches;2020
CMP-0003;ONE-PRD-0020;OnePlus 9T 128GB;192g;8GB;16MP;48MP + 50MP;Snapdragon 888;4500mAh;6.55 inches;2021
CMP-0003;ONE-PRD-0021;OnePlus 8T 256GB;188g;12GB;16MP;48MP + 16MP;Snapdragon 865;4500mAh;6.55 inches;2020
CMP-0003;ONE-PRD-0022;OnePlus 10T 5G 256GB;203g;12GB;16MP;50MP + 8MP;Snapdragon 8+ Gen 1;4500mAh;6.7 inches;2022
CMP-0003;ONE-PRD-0023;OnePlus 9R 5G 128GB;189g;8GB;16MP;48MP + 5MP;Snapdragon 870;4500mAh;6.55 inches;2021
CMP-0003;ONE-PRD-0024;OnePlus 8 Pro 256GB;199g;12GB;16MP;48MP + 48MP;Snapdragon 865;4510mAh;6.78 inches;2020
CMP-0003;ONE-PRD-0025;OnePlus 8 128GB;180g;8GB;16MP;48MP + 16MP;Snapdragon 865;4300mAh;6.55 inches;2020
CMP-0003;ONE-PRD-0026;OnePlus Nord CE 2 Lite 128GB;195g;6GB;16MP;64MP + 2MP;MediaTek Dimensity 900;5000mAh;6.59 inches;2022
CMP-0003;ONE-PRD-0027;OnePlus Nord CE 2 128GB;173g;8GB;16MP;64MP + 8MP;MediaTek Dimensity 1200;4500mAh;6.43 inches;2022
CMP-0003;ONE-PRD-0028;OnePlus Nord 1 128GB;184g;6GB;16MP;48MP + 5MP;Snapdragon 765G;4115mAh;6.44 inches;2020
CMP-0003;ONE-PRD-0029;OnePlus Nord CE 5G 128GB;170g;6GB;16MP;64MP + 8MP;Snapdragon 750G;4500mAh;6.43 inches;2021
CMP-0003;ONE-PRD-0030;OnePlus Nord 2 5G 128GB;189g;8GB;32MP;50MP + 8MP;MediaTek Dimensity 1200-AI;4500mAh;6.43 inches;2021
CMP-0003;ONE-PRD-0031;OnePlus Nord N100 5G 64GB;185g;4GB;8MP;13MP + 2MP;Qualcomm Snapdragon 460;5000mAh;6.52 inches;2020
CMP-0003;ONE-PRD-0032;OnePlus Nord N10 5G 128GB;190g;6GB;16MP;64MP + 8MP;Qualcomm Snapdragon 690;4300mAh;6.49 inches;2020
CMP-0003;ONE-PRD-0033;OnePlus 8R 128GB;192g;8GB;16MP;48MP + 5MP;Snapdragon 865;4300mAh;6.55 inches;2020
CMP-0003;ONE-PRD-0034;OnePlus 7R 128GB;190g;6GB;16MP;48MP + 5MP;Snapdragon 855;3700mAh;6.41 inches;2020
CMP-0003;ONE-PRD-0035;OnePlus 6T McLaren Edition 256GB;185g;10GB;16MP;20MP + 16MP;Snapdragon 845;3700mAh;6.41 inches;2018
CMP-0003;ONE-PRD-0036;OnePlus 5T Star Wars Edition 128GB;162g;6GB;16MP;16MP + 20MP;Snapdragon 835;3300mAh;6.01 inches;2017
CMP-0003;ONE-PRD-0037;OnePlus 13R 128GB;210g;8GB;16MP;50MP + 8MP;Snapdragon 8 Gen 2;4500mAh;6.7 inches;2023
CMP-0003;ONE-PRD-0038;OnePlus 11T 128GB;202g;12GB;32MP;50MP + 48MP;Snapdragon 8 Gen 2;5000mAh;6.7 inches;2023
CMP-0003;ONE-PRD-0039;OnePlus 10R 128GB;205g;8GB;16MP;50MP + 16MP;MediaTek Dimensity 8100;4500mAh;6.7 inches;2022
CMP-0003;ONE-PRD-0040;OnePlus 7 Pro 5G 256GB;206g;12GB;16MP;48MP + 8MP;Snapdragon 855;4000mAh;6.67 inches;2019
CMP-0003;ONE-PRD-0041;OnePlus 6 Special Edition 128GB;177g;6GB;16MP;20MP + 16MP;Snapdragon 845;3300mAh;6.28 inches;2018
CMP-0003;ONE-PRD-0042;OnePlus 5 Special Edition 128GB;155g;8GB;16MP;20MP + 16MP;Snapdragon 835;3300mAh;5.5 inches;2017
CMP-0003;ONE-PRD-0043;OnePlus Nord X 128GB;190g;8GB;32MP;64MP + 8MP;Snapdragon 765G;4000mAh;6.44 inches;2020
CMP-0003;ONE-PRD-0044;OnePlus 8 Pro McLaren Edition 256GB;199g;12GB;16MP;48MP + 8MP;Snapdragon 865;4510mAh;6.78 inches;2020
CMP-0003;ONE-PRD-0045;OnePlus 8T Cyberpunk Edition 256GB;188g;12GB;16MP;48MP + 16MP;Snapdragon 865;4500mAh;6.55 inches;2020
CMP-0003;ONE-PRD-0046;OnePlus 7T Pro 5G McLaren Edition 256GB;206g;12GB;16MP;48MP + 8MP;Snapdragon 855;4085mAh;6.67 inches;2019
CMP-0003;ONE-PRD-0047;OnePlus 15R 128GB;210g;12GB;32MP;50MP + 8MP;Snapdragon 8 Gen 3;5000mAh;6.7 inches;2023
CMP-0003;ONE-PRD-0048;OnePlus 14+ 128GB;202g;8GB;16MP;64MP + 8MP;Snapdragon 8 Gen 2;4800mAh;6.55 inches;2023
CMP-0003;ONE-PRD-0049;OnePlus 13 Pro 256GB;215g;12GB;32MP;50MP + 48MP;Snapdragon 8 Gen 2;5000mAh;6.7 inches;2023
CMP-0003;ONE-PRD-0050;OnePlus 12T 5G 256GB;200g;12GB;16MP;50MP + 8MP;Snapdragon 8 Gen 2;5000mAh;6.7 inches;2023
CMP-0003;ONE-PRD-0051;OnePlus Pad;550g;8GB;8MP;13MP;MediaTek Dimensity 9000;9510mAh;11.61 inches;2023
CMP-0003;ONE-PRD-0052;OnePlus Pad 2;550g;8GB;8MP;13MP;MediaTek Dimensity 9000;9510mAh;11.61 inches;2024
CMP-0003;ONE-PRD-0053;OnePlus Pad Pro;610g;12GB;16MP;50MP;Snapdragon 8 Gen 3;11000mAh;12.4 inches;2024
CMP-0006;OPP-PRD-0001;Find N3 512GB;239g;12GB;32MP;48MP + 64MP + 48MP;Snapdragon 8 Gen 2;4805mAh;7.82 inches;2023
CMP-0006;OPP-PRD-0002;Find N3 Flip 256GB;198g;12GB;32MP;50MP + 32MP + 48MP;MediaTek Dimensity 9200;4300mAh;6.8 inches;2023
CMP-0006;OPP-PRD-0003;Find X8 Pro 256GB;210g;12GB;32MP;50MP + 50MP + 50MP;Snapdragon 8 Gen 2;5000mAh;6.8 inches;2024
CMP-0006;OPP-PRD-0004;Find X8 256GB;195g;8GB;32MP;50MP + 50MP;Snapdragon 8 Gen 2;4800mAh;6.7 inches;2024
CMP-0006;OPP-PRD-0005;Reno13 F 4G 256GB;192g;8GB;32MP;50MP + 8MP + 2MP;MediaTek Helio G100;5800mAh;6.67 inches;2025
CMP-0006;OPP-PRD-0006;Reno13 F 256GB;192g;8GB;32MP;50MP + 8MP + 2MP;MediaTek Helio G100;5800mAh;6.67 inches;2025
CMP-0006;OPP-PRD-0007;Reno13 Pro 512GB;210g;12GB;50MP;50MP + 50MP + 8MP;MediaTek Dimensity 8350;5800mAh;6.83 inches;2025
CMP-0006;OPP-PRD-0008;Reno13 256GB;200g;12GB;50MP;50MP + 8MP;MediaTek Dimensity 8350;5600mAh;6.59 inches;2025
CMP-0006;OPP-PRD-0009;Reno12 F 4G 256GB;187g;8GB;32MP;50MP + 8MP + 2MP;Snapdragon 685;5000mAh;6.7 inches;2024
CMP-0006;OPP-PRD-0010;Reno12 F 256GB;187g;8GB;32MP;50MP + 8MP + 2MP;Snapdragon 685;5000mAh;6.7 inches;2024
CMP-0006;OPP-PRD-0011;Reno12 Pro 512GB;190g;12GB;32MP;50MP + 32MP + 8MP;MediaTek Dimensity 8200;4600mAh;6.74 inches;2024
CMP-0006;OPP-PRD-0012;Reno12 256GB;185g;8GB;32MP;50MP + 8MP;MediaTek Dimensity 7050;5000mAh;6.7 inches;2024
CMP-0006;OPP-PRD-0013;Reno11 F 256GB;185g;8GB;32MP;64MP + 8MP + 2MP;MediaTek Dimensity 7050;5000mAh;6.7 inches;2024
CMP-0006;OPP-PRD-0014;Reno11 Pro 512GB;190g;12GB;32MP;50MP + 32MP + 8MP;MediaTek Dimensity 8200;4600mAh;6.74 inches;2024
CMP-0006;OPP-PRD-0015;A5 Pro 256GB;180g;8GB;16MP;50MP + 2MP;Dimensity 7300;6000mAh;6.7 inches;2024
CMP-0006;OPP-PRD-0016;A5 Pro 512GB;186g;12GB;16MP;50MP + 2MP;Dimensity 7300;6000mAh;6.7 inches;2024
CMP-0006;OPP-PRD-0017;A80 256GB;186g;8GB;8MP;50MP + 2MP;Dimensity 6300;5100mAh;6.67 inches;2024
CMP-0006;OPP-PRD-0018;A3 4G 128GB;186g;4GB;5MP;50MP;Snapdragon 6s 4G Gen 1;5000mAh;6.7 inches;2024
CMP-0006;OPP-PRD-0019;A3x 4G 128GB;186g;4GB;8MP;8MP + 2MP;Snapdragon 6s 4G Gen 1;5100mAh;6.67 inches;2024
CMP-0006;OPP-PRD-0020;A3x 4G 256GB;186g;6GB;8MP;8MP + 2MP;Snapdragon 6s 4G Gen 1;5100mAh;6.67 inches;2024
CMP-0006;OPP-PRD-0021;A3 128GB;186g;4GB;5MP;50MP;Snapdragon 6s 4G Gen 1;5000mAh;6.7 inches;2024
CMP-0006;OPP-PRD-0022;A3x 128GB;186g;4GB;8MP;8MP + 2MP;Snapdragon 6s 4G Gen 1;5100mAh;6.67 inches;2024
CMP-0006;OPP-PRD-0023;A3x 256GB;186g;6GB;8MP;8MP + 2MP;Snapdragon 6s 4G Gen 1;5100mAh;6.67 inches;2024
CMP-0006;OPP-PRD-0024;A3 128GB;186g;4GB;5MP;50MP;Snapdragon 6s 4G Gen 1;5000mAh;6.7 inches;2024
CMP-0006;OPP-PRD-0025;A60 128GB;186g;8GB;8MP;50MP + 2MP;Snapdragon 680 4G;5000mAh;6.67 inches;2024
CMP-0006;OPP-PRD-0026;A60 256GB;186g;8GB;8MP;50MP + 2MP;Snapdragon 680 4G;5000mAh;6.67 inches;2024
CMP-0006;OPP-PRD-0027;K12 Plus 256GB;192g;8GB;16MP;50MP;Snapdragon 7 Gen 3;6400mAh;6.7 inches;2024
CMP-0006;OPP-PRD-0028;K12 Plus 512GB;192g;12GB;16MP;50MP;Snapdragon 7 Gen 3;6400mAh;6.7 inches;2024
CMP-0006;OPP-PRD-0029;F27 128GB;175g;8GB;32MP;64MP + 2MP;Dimensity 7050;5000mAh;6.7 inches;2024
CMP-0006;OPP-PRD-0030;F27 256GB;175g;8GB;32MP;64MP + 2MP;Dimensity 7050;5000mAh;6.7 inches;2024
CMP-0006;OPP-PRD-0031;F27 Pro+ 256GB;177g;8GB;32MP;64MP + 2MP;Dimensity 7050;5000mAh;6.7 inches;2024
CMP-0006;OPP-PRD-0032;F27 Pro+ 512GB;177g;12GB;32MP;64MP + 2MP;Dimensity 7050;5000mAh;6.7 inches;2024
CMP-0006;OPP-PRD-0033;F25 Pro 128GB;173g;8GB;32MP;64MP + 2MP;Snapdragon 778G;4500mAh;6.55 inches;2023
CMP-0006;OPP-PRD-0034;F25 Pro 256GB;173g;8GB;32MP;64MP + 2MP;Snapdragon 778G;4500mAh;6.55 inches;2023
CMP-0006;OPP-PRD-0035;Pad 3 128GB;533g;8GB;8MP;13MP;Dimensity 8350;9510mAh;11.6 inches;2024
CMP-0006;OPP-PRD-0036;Pad 3 256GB;533g;12GB;8MP;13MP;Dimensity 8350;9510mAh;11.6 inches;2024
CMP-0006;OPP-PRD-0037;Pad 3 Pro 256GB;586g;12GB;8MP;13MP;Snapdragon 8 Gen 3;9510mAh;12.1 inches;2024
CMP-0006;OPP-PRD-0038;Pad 3 Pro 512GB;586g;16GB;8MP;13MP;Snapdragon 8 Gen 3;9510mAh;12.1 inches;2024
CMP-0006;OPP-PRD-0039;Pad Neo 128GB;520g;6GB;8MP;13MP;Snapdragon 870;8360mAh;11 inches;2023
CMP-0006;OPP-PRD-0040;Pad Neo 256GB;520g;8GB;8MP;13MP;Snapdragon 870;8360mAh;11 inches;2023
CMP-0006;OPP-PRD-0041;Find X7 Ultra 256GB;221g;12GB;32MP;50MP + 50MP + 50MP;Snapdragon 8 Gen 3;5000mAh;6.82 inches;2024
CMP-0006;OPP-PRD-0042;Find X7 Ultra 512GB;221g;16GB;32MP;50MP + 50MP + 50MP;Snapdragon 8 Gen 3;5000mAh;6.82 inches;2024
CMP-0006;OPP-PRD-0043;Find X7 256GB;206g;12GB;32MP;50MP + 50MP + 64MP;Dimensity 9300;5000mAh;6.78 inches;2024
CMP-0006;OPP-PRD-0044;Find X7 512GB;206g;16GB;32MP;50MP + 50MP + 64MP;Dimensity 9300;5000mAh;6.78 inches;2024
CMP-0006;OPP-PRD-0045;Find X6 Pro 256GB;218g;12GB;32MP;50MP + 50MP + 50MP;Snapdragon 8 Gen 2;5000mAh;6.82 inches;2023
CMP-0006;OPP-PRD-0046;Find X6 Pro 512GB;218g;16GB;32MP;50MP + 50MP + 50MP;Snapdragon 8 Gen 2;5000mAh;6.82 inches;2023
CMP-0006;OPP-PRD-0047;Find X6 256GB;207g;12GB;32MP;50MP + 50MP + 50MP;Dimensity 9200;4800mAh;6.74 inches;2023
CMP-0006;OPP-PRD-0048;Find X6 512GB;207g;16GB;32MP;50MP + 50MP + 50MP;Dimensity 9200;4800mAh;6.74 inches;2023
CMP-0006;OPP-PRD-0049;Find X5 Pro 256GB;218g;12GB;32MP;50MP + 50MP + 13MP;Snapdragon 8 Gen 1;5000mAh;6.7 inches;2022
CMP-0006;OPP-PRD-0050;Find X5 Pro 512GB;218g;16GB;32MP;50MP + 50MP + 13MP;Snapdragon 8 Gen 1;5000mAh;6.7 inches;2022
CMP-0006;OPP-PRD-0051;Find X5 256GB;196g;8GB;32MP;50MP + 50MP + 13MP;Snapdragon 888;4800mAh;6.55 inches;2022
CMP-0006;OPP-PRD-0052;Find N2 Flip 256GB;191g;8GB;32MP;50MP + 8MP;Dimensity 9000+;4300mAh;6.8 inches;2023
CMP-0006;OPP-PRD-0053;Find N2 Flip 512GB;191g;12GB;32MP;50MP + 8MP;Dimensity 9000+;4300mAh;6.8 inches;2023
CMP-0006;OPP-PRD-0054;Find N2 256GB;233g;12GB;32MP;50MP + 48MP + 32MP;Snapdragon 8+ Gen 1;4520mAh;7.1 inches;2022
CMP-0006;OPP-PRD-0055;Reno10 5G 128GB;180g;8GB;32MP;64MP + 32MP + 8MP;Dimensity 7050;5,000mAh;6.7 inches;2023
CMP-0006;OPP-PRD-0056;Reno10 5G 256GB;180g;8GB;32MP;64MP + 32MP + 8MP;Dimensity 7050;5,000mAh;6.7 inches;2023
CMP-0006;OPP-PRD-0057;Reno10 Pro 5G 256GB;186g;12GB;32MP;50MP + 32MP + 8MP;Snapdragon 778G;4,600mAh;6.7 inches;2023
CMP-0006;OPP-PRD-0058;Reno10 Pro+ 5G 256GB;194g;16GB;32MP;50MP + 64MP + 8MP;Snapdragon 8+ Gen 1;4,700mAh;6.74 inches;2023
CMP-0006;OPP-PRD-0059;Reno9 5G 128GB;174g;8GB;32MP;64MP + 2MP;Snapdragon 778G;4,500mAh;6.7 inches;2022
CMP-0006;OPP-PRD-0060;Reno9 5G 256GB;174g;12GB;32MP;64MP + 2MP;Snapdragon 778G;4,500mAh;6.7 inches;2022
CMP-0006;OPP-PRD-0061;Reno9 Pro 5G 256GB;184g;16GB;32MP;50MP + 8MP;Dimensity 8100;4,500mAh;6.7 inches;2022
CMP-0006;OPP-PRD-0062;Reno9 Pro+ 5G 256GB;192g;16GB;32MP;50MP + 8MP + 2MP;Snapdragon 8+ Gen 1;4,700mAh;6.7 inches;2022
CMP-0006;OPP-PRD-0063;Reno8 5G 128GB;179g;8GB;32MP;50MP + 8MP + 2MP;Dimensity 1300;4,500mAh;6.4 inches;2022
CMP-0006;OPP-PRD-0064;Reno8 5G 256GB;179g;12GB;32MP;50MP + 8MP + 2MP;Dimensity 1300;4,500mAh;6.4 inches;2022
CMP-0006;OPP-PRD-0065;Reno8 Pro 5G 256GB;183g;12GB;32MP;50MP + 8MP + 2MP;Dimensity 8100;4,500mAh;6.7 inches;2022
CMP-0006;OPP-PRD-0066;Reno8 Pro+ 5G 256GB;195g;12GB;32MP;50MP + 8MP + 2MP;Dimensity 8100;4,500mAh;6.7 inches;2022
CMP-0006;OPP-PRD-0067;Reno7 5G 128GB;173g;8GB;32MP;64MP + 8MP + 2MP;Dimensity 900;4,500mAh;6.4 inches;2021
CMP-0006;OPP-PRD-0068;Reno7 5G 256GB;173g;12GB;32MP;64MP + 8MP + 2MP;Dimensity 900;4,500mAh;6.4 inches;2021
CMP-0006;OPP-PRD-0069;Reno7 Pro 5G 256GB;180g;12GB;32MP;50MP + 8MP + 2MP;Dimensity 1200;4,500mAh;6.55 inches;2021
CMP-0006;OPP-PRD-0070;Reno6 5G 128GB;182g;8GB;32MP;64MP + 8MP + 2MP;Dimensity 900;4,300mAh;6.43 inches;2021
CMP-0006;OPP-PRD-0071;Reno6 5G 256GB;182g;12GB;32MP;64MP + 8MP + 2MP;Dimensity 900;4,300mAh;6.43 inches;2021
CMP-0006;OPP-PRD-0072;Reno6 Pro 5G 128GB;177g;8GB;32MP;64MP + 8MP + 2MP + 2MP;Dimensity 1200;4,500mAh;6.55 inches;2021
CMP-0006;OPP-PRD-0073;Reno6 Pro 5G 256GB;177g;12GB;32MP;64MP + 8MP + 2MP + 2MP;Dimensity 1200;4,500mAh;6.55 inches;2021
CMP-0006;OPP-PRD-0074;Reno6 Pro+ 5G 256GB;188g;12GB;32MP;50MP + 13MP + 16MP + 2MP;Snapdragon 870;4,500mAh;6.55 inches;2021
CMP-0006;OPP-PRD-0075;Reno5 5G 128GB;180g;8GB;32MP;64MP + 8MP + 2MP + 2MP;Snapdragon 765G;4,300mAh;6.43 inches;2020
CMP-0006;OPP-PRD-0076;Reno5 5G 256GB;180g;12GB;32MP;64MP + 8MP + 2MP + 2MP;Snapdragon 765G;4,300mAh;6.43 inches;2020
CMP-0006;OPP-PRD-0077;Reno5 Pro 5G 128GB;173g;8GB;32MP;64MP + 8MP + 2MP + 2MP;Dimensity 1000+;4,350mAh;6.55 inches;2020
CMP-0006;OPP-PRD-0078;Reno5 Pro 5G 256GB;173g;12GB;32MP;64MP + 8MP + 2MP + 2MP;Dimensity 1000+;4,350mAh;6.55 inches;2020
CMP-0006;OPP-PRD-0079;Reno5 Pro+ 5G 256GB;184g;12GB;32MP;50MP + 16MP + 13MP + 2MP;Snapdragon 865;4,500mAh;6.55 inches;2020
CMP-0006;OPP-PRD-0080;Reno4 5G 128GB;183g;8GB;32MP;48MP + 8MP + 2MP + 2MP;Snapdragon 765G;4,000mAh;6.43 inches;2020
CMP-0006;OPP-PRD-0081;Reno4 5G 256GB;183g;8GB;32MP;48MP + 8MP + 2MP + 2MP;Snapdragon 765G;4,000mAh;6.43 inches;2020
CMP-0006;OPP-PRD-0082;Reno4 Pro 5G 256GB;172g;12GB;32MP;48MP + 13MP + 12MP;Snapdragon 765G;4,000mAh;6.55 inches;2020
CMP-0006;OPP-PRD-0083;Reno3 5G 128GB;181g;8GB;32MP;64MP + 8MP + 2MP + 2MP;Dimensity 1000L;4,025mAh;6.4 inches;2019
CMP-0006;OPP-PRD-0084;Reno3 5G 256GB;181g;12GB;32MP;64MP + 8MP + 2MP + 2MP;Dimensity 1000L;4,025mAh;6.4 inches;2019
CMP-0006;OPP-PRD-0085;Reno3 Pro 5G 256GB;171g;12GB;32MP;48MP + 13MP + 8MP + 2MP;Snapdragon 765G;4,025mAh;6.5 inches;2019
CMP-0006;OPP-PRD-0086;A59 5G 128GB;186g;6GB;8MP;13MP + 2MP;MediaTek Dimensity 6020;5,000mAh;6.56 inches;2023
CMP-0006;OPP-PRD-0087;A59 5G 256GB;186g;8GB;8MP;13MP + 2MP;MediaTek Dimensity 6020;5,000mAh;6.56 inches;2023
CMP-0006;OPP-PRD-0088;A58 5G 256GB;188g;8GB;8MP;50MP + 2MP;MediaTek Dimensity 700;5,000mAh;6.56 inches;2022
CMP-0006;OPP-PRD-0089;A57 5G 128GB;186g;6GB;8MP;13MP + 2MP;MediaTek Dimensity 810;5,000mAh;6.56 inches;2022
CMP-0006;OPP-PRD-0090;A56 5G 128GB;189g;6GB;8MP;13MP + 2MP;MediaTek Dimensity 700;5,000mAh;6.5 inches;2021
CMP-0006;OPP-PRD-0091;A55 5G 128GB;186g;6GB;8MP;13MP + 2MP + 2MP;MediaTek Dimensity 700;5,000mAh;6.5 inches;2021
CMP-0006;OPP-PRD-0092;A54 5G 128GB;190g;6GB;16MP;48MP + 8MP + 2MP + 2MP;Qualcomm Snapdragon 480;5,000mAh;6.5 inches;2021
CMP-0006;OPP-PRD-0093;A53 5G 128GB;175g;4GB;8MP;16MP + 2MP + 2MP;MediaTek Dimensity 720;4,040mAh;6.5 inches;2020
CMP-0006;OPP-PRD-0094;A52 5G 128GB;184g;4GB;8MP;12MP + 8MP + 2MP + 2MP;MediaTek Dimensity 720;4,000mAh;6.5 inches;2020
CMP-0006;OPP-PRD-0095;A51 5G 128GB;186g;4GB;8MP;13MP + 2MP + 2MP;MediaTek Dimensity 700;4,000mAh;6.5 inches;2020
CMP-0006;OPP-PRD-0096;A50 5G 128GB;185g;4GB;8MP;13MP + 2MP;MediaTek Dimensity 700;4,000mAh;6.5 inches;2020
CMP-0006;OPP-PRD-0097;A49 5G 128GB;185g;4GB;8MP;13MP + 2MP;MediaTek Dimensity 700;4,000mAh;6.5 inches;2020
CMP-0006;OPP-PRD-0098;A40 128GB;186g;4GB;5MP;50MP;Qualcomm Snapdragon 6s Gen 1;5,100mAh;6.67 inches;2024
CMP-0006;OPP-PRD-0099;A40 256GB;186g;6GB;5MP;50MP;Qualcomm Snapdragon 6s Gen 1;5,100mAh;6.67 inches;2024
CMP-0006;OPP-PRD-0100;K11x 128GB;195g;8GB;16MP;108MP + 2MP;Qualcomm Snapdragon 695;5,000mAh;6.72 inches;2023
CMP-0006;OPP-PRD-0101;K11x 256GB;195g;12GB;16MP;108MP + 2MP;Qualcomm Snapdragon 695;5,000mAh;6.72 inches;2023
CMP-0006;OPP-PRD-0102;K10x 128GB;195g;6GB;16MP;64MP + 2MP + 2MP;Qualcomm Snapdragon 695;5,000mAh;6.59 inches;2022
CMP-0006;OPP-PRD-0103;K10x 256GB;195g;8GB;16MP;64MP + 2MP + 2MP;Qualcomm Snapdragon 695;5,000mAh;6.59 inches;2022
CMP-0006;OPP-PRD-0104;K10 5G 128GB;205g;8GB;16MP;64MP + 8MP + 2MP;MediaTek Dimensity 8000-Max;5,000mAh;6.59 inches;2022
CMP-0006;OPP-PRD-0105;K9x 128GB;194g;6GB;16MP;64MP + 2MP + 2MP;MediaTek Dimensity 810;5,000mAh;6.5 inches;2021
CMP-0006;OPP-PRD-0106;K9x 256GB;194g;8GB;16MP;64MP + 2MP + 2MP;MediaTek Dimensity 810;5,000mAh;6.5 inches;2021
CMP-0006;OPP-PRD-0107;K9 Pro 5G 128GB;180g;8GB;16MP;64MP + 8MP + 2MP;MediaTek Dimensity 1200;4,500mAh;6.43 inches;2021
CMP-0006;OPP-PRD-0108;K9 Pro 5G 256GB;180g;12GB;16MP;64MP + 8MP + 2MP;MediaTek Dimensity 1200;4,500mAh;6.43 inches;2021
CMP-0006;OPP-PRD-0109;K9 5G 128GB;172g;8GB;32MP;64MP + 8MP + 2MP;Qualcomm Snapdragon 768G;4,300mAh;6.43 inches;2021
CMP-0006;OPP-PRD-0110;K9 5G 256GB;172g;8GB;32MP;64MP + 8MP + 2MP;Qualcomm Snapdragon 768G;4,300mAh;6.43 inches;2021
CMP-0006;OPP-PRD-0111;K7x 128GB;194g;6GB;16MP;48MP + 8MP + 2MP + 2MP;MediaTek Dimensity 720;5,000mAh;6.5 inches;2020
CMP-0006;OPP-PRD-0112;K7 5G 128GB;180g;8GB;32MP;48MP + 8MP + 2MP + 2MP;Qualcomm Snapdragon 765G;4,025mAh;6.4 inches;2020
CMP-0006;OPP-PRD-0113;K7 5G 256GB;180g;8GB;32MP;48MP + 8MP + 2MP + 2MP;Qualcomm Snapdragon 765G;4,025mAh;6.4 inches;2020
CMP-0006;OPP-PRD-0114;K11x 128GB;195g;8GB;16MP;108MP + 2MP;Qualcomm Snapdragon 695;5,000mAh;6.72 inches;2023
CMP-0006;OPP-PRD-0115;K11x 256GB;195g;12GB;16MP;108MP + 2MP;Qualcomm Snapdragon 695;5,000mAh;6.72 inches;2023
CMP-0006;OPP-PRD-0116;K11 128GB;184g;8GB;16MP;64MP + 8MP + 2MP;Qualcomm Snapdragon 782G;5,000mAh;6.7 inches;2023
CMP-0006;OPP-PRD-0117;K11 256GB;184g;12GB;16MP;64MP + 8MP + 2MP;Qualcomm Snapdragon 782G;5,000mAh;6.7 inches;2023
CMP-0006;OPP-PRD-0118;K10x 128GB;195g;6GB;16MP;64MP + 2MP + 2MP;Qualcomm Snapdragon 695;5,000mAh;6.59 inches;2022
CMP-0006;OPP-PRD-0119;K10x 256GB;195g;8GB;16MP;64MP + 2MP + 2MP;Qualcomm Snapdragon 695;5,000mAh;6.59 inches;2022
CMP-0006;OPP-PRD-0120;K10 5G 128GB;205g;8GB;16MP;64MP + 8MP + 2MP;MediaTek Dimensity 8000-Max;5,000mAh;6.59 inches;2022
CMP-0006;OPP-PRD-0121;K10 5G 256GB;205g;12GB;16MP;64MP + 8MP + 2MP;MediaTek Dimensity 8000-Max;5,000mAh;6.59 inches;2022
CMP-0006;OPP-PRD-0122;K9x 128GB;194g;6GB;16MP;64MP + 2MP + 2MP;MediaTek Dimensity 810;5,000mAh;6.5 inches;2021
CMP-0006;OPP-PRD-0123;K9x 256GB;194g;8GB;16MP;64MP + 2MP + 2MP;MediaTek Dimensity 810;5,000mAh;6.5 inches;2021
CMP-0006;OPP-PRD-0124;K9 Pro 5G 128GB;180g;8GB;16MP;64MP + 8MP + 2MP;MediaTek Dimensity 1200;4,500mAh;6.43 inches;2021
CMP-0006;OPP-PRD-0125;K9 Pro 5G 256GB;180g;12GB;16MP;64MP + 8MP + 2MP;MediaTek Dimensity 1200;4,500mAh;6.43 inches;2021
CMP-0006;OPP-PRD-0126;K9 5G 128GB;172g;8GB;32MP;64MP + 8MP + 2MP;Qualcomm Snapdragon 768G;4,300mAh;6.43 inches;2021
CMP-0006;OPP-PRD-0127;K9 5G 256GB;172g;8GB;32MP;64MP + 8MP + 2MP;Qualcomm Snapdragon 768G;4,300mAh;6.43 inches;2021
CMP-0006;OPP-PRD-0128;K7x 128GB;194g;6GB;16MP;48MP + 8MP + 2MP + 2MP;MediaTek Dimensity 720;5,000mAh;6.5 inches;2020
CMP-0006;OPP-PRD-0129;K7 5G 128GB;180g;8GB;32MP;48MP + 8MP + 2MP + 2MP;Qualcomm Snapdragon 765G;4,025mAh;6.4 inches;2020
CMP-0018;POC-PRD-0001;F2 Pro 128GB;219g;6GB;20MP;64MP;Snapdragon 865;4700mAh;6.67 inches;2020
CMP-0018;POC-PRD-0002;M2 Pro 64GB;209g;4GB;16MP;48MP;Snapdragon 720G;5000mAh;6.67 inches;2020
CMP-0018;POC-PRD-0003;X3 NFC 128GB;215g;6GB;20MP;64MP;Snapdragon 732G;5160mAh;6.67 inches;2020
CMP-0018;POC-PRD-0004;M3 64GB;198g;4GB;8MP;48MP;Snapdragon 662;6000mAh;6.53 inches;2020
CMP-0018;POC-PRD-0005;F3 128GB;196g;6GB;20MP;48MP;Snapdragon 870;4520mAh;6.67 inches;2021
CMP-0018;POC-PRD-0006;X3 Pro 128GB;215g;6GB;20MP;48MP;Snapdragon 860;5160mAh;6.67 inches;2021
CMP-0018;POC-PRD-0007;M3 Pro 5G 64GB;190g;4GB;8MP;48MP;MediaTek Dimensity 700;5000mAh;6.5 inches;2021
CMP-0018;POC-PRD-0008;F3 GT 128GB;205g;6GB;16MP;64MP;MediaTek Dimensity 1200;5065mAh;6.67 inches;2021
CMP-0018;POC-PRD-0009;X3 GT 128GB;193g;6GB;16MP;64MP;MediaTek Dimensity 1100;5000mAh;6.6 inches;2021
CMP-0018;POC-PRD-0010;M4 Pro 5G 128GB;195g;4GB;16MP;50MP;MediaTek Dimensity 810;5000mAh;6.6 inches;2021
CMP-0018;POC-PRD-0011;F4 128GB;195g;6GB;20MP;64MP;Snapdragon 870;4500mAh;6.67 inches;2022
CMP-0018;POC-PRD-0012;F4 GT 128GB;210g;8GB;20MP;64MP;Snapdragon 8 Gen 1;4700mAh;6.67 inches;2022
CMP-0018;POC-PRD-0013;X4 Pro 5G 128GB;205g;6GB;16MP;108MP;Snapdragon 695;5000mAh;6.67 inches;2022
CMP-0018;POC-PRD-0014;M4 Pro 128GB;179g;6GB;16MP;64MP;MediaTek Helio G96;5000mAh;6.43 inches;2022
CMP-0018;POC-PRD-0015;M5 128GB;201g;4GB;5MP;50MP;MediaTek Helio G99;5000mAh;6.58 inches;2022
CMP-0018;POC-PRD-0016;M5s 128GB;178.8g;4GB;13MP;64MP;MediaTek Helio G95;5000mAh;6.43 inches;2022
CMP-0018;POC-PRD-0017;F5 128GB;181g;6GB;16MP;64MP;Snapdragon 7+ Gen 2;5000mAh;6.67 inches;2023
CMP-0018;POC-PRD-0018;F5 Pro 256GB;204g;8GB;20MP;64MP;Snapdragon 8+ Gen 1;5160mAh;6.67 inches;2023
CMP-0018;POC-PRD-0019;X5 128GB;189g;6GB;13MP;48MP;Snapdragon 695;5000mAh;6.67 inches;2023
CMP-0018;POC-PRD-0020;X5 Pro 128GB;181g;6GB;16MP;108MP;Snapdragon 778G;5000mAh;6.67 inches;2023
CMP-0018;POC-PRD-0021;M6 64GB;199g;4GB;8MP;50MP;MediaTek Helio G88;5000mAh;6.58 inches;2023
CMP-0018;POC-PRD-0022;M6 Pro 128GB;202g;6GB;8MP;50MP;Snapdragon 4 Gen 1;5000mAh;6.79 inches;2023
CMP-0018;POC-PRD-0023;X6 128GB;193g;6GB;16MP;64MP;MediaTek Dimensity 8100;5000mAh;6.67 inches;2024
CMP-0018;POC-PRD-0024;X6 Pro 256GB;205g;8GB;20MP;108MP;MediaTek Dimensity 8300;5000mAh;6.67 inches;2024
CMP-0018;POC-PRD-0025;F6 128GB;190g;6GB;20MP;64MP;Snapdragon 8 Gen 2;5000mAh;6.67 inches;2024
CMP-0018;POC-PRD-0026;F6 Pro 256GB;210g;8GB;20MP;108MP;Snapdragon 8+ Gen 2;5160mAh;6.67 inches;2024
CMP-0018;POC-PRD-0027;C65 64GB;190g;4GB;5MP;50MP;MediaTek Helio G85;5000mAh;6.5 inches;2024
CMP-0018;POC-PRD-0028;X7 128GB;195g;6GB;16MP;64MP;MediaTek Dimensity 8200;5000mAh;6.67 inches;2025
CMP-0018;POC-PRD-0029;X7 Pro 256GB;207g;8GB;20MP;108MP;MediaTek Dimensity 8400;6000mAh;6.67 inches;2025
CMP-0018;POC-PRD-0030;M7 5G 128GB;198g;6GB;8MP;50MP;MediaTek Dimensity 7025;5110mAh;6.67 inches;2024
CMP-0019;POC-PRD-0031;Pad 5G 128GB;571g;8GB;8MP;8MP;Snapdragon 7s Gen 2;10,000mAh;12.1 inches;2024
CMP-0019;POC-PRD-0032;Pad 5G 256GB;571g;8GB;8MP;8MP;Snapdragon 7s Gen 2;10,000mAh;12.1 inches;2024
CMP-0007;REA-PRD-0001;GT 7 Pro 128GB;222.8g;12GB;16MP;50MP + 50MP + 8MP;Qualcomm Snapdragon 8 Elite;6,500mAh;6.78 inches;2024
CMP-0007;REA-PRD-0002;GT 7 Pro 256GB;222.8g;16GB;16MP;50MP + 50MP + 8MP;Qualcomm Snapdragon 8 Elite;6,500mAh;6.78 inches;2024
CMP-0007;REA-PRD-0003;GT 6 128GB;191g;8GB;32MP;50MP + 8MP + 50MP;Qualcomm Snapdragon 8s Gen 3;5,500mAh;6.78 inches;2023
CMP-0007;REA-PRD-0004;GT 6 256GB;191g;12GB;32MP;50MP + 8MP + 50MP;Qualcomm Snapdragon 8s Gen 3;5,500mAh;6.78 inches;2023
CMP-0007;REA-PRD-0005;GT 6 512GB;191g;16GB;32MP;50MP + 8MP + 50MP;Qualcomm Snapdragon 8s Gen 3;5,500mAh;6.78 inches;2023
CMP-0007;REA-PRD-0006;GT 6T 128GB;191g;8GB;32MP;50MP + 8MP;Qualcomm Snapdragon 7 Plus Gen 3;5,500mAh;6.78 inches;2023
CMP-0007;REA-PRD-0007;GT 6T 256GB;191g;8GB;32MP;50MP + 8MP;Qualcomm Snapdragon 7 Plus Gen 3;5,500mAh;6.78 inches;2023
CMP-0007;REA-PRD-0008;14 Pro+ 5G 256GB;184g;12GB;16MP;50MP + 8MP + 50MP;Qualcomm Snapdragon 7s Gen 3;6,000mAh;6.83 inches;2025
CMP-0007;REA-PRD-0009;14 Pro+ 5G 512GB;184g;12GB;16MP;50MP + 8MP + 50MP;Qualcomm Snapdragon 7s Gen 3;6,000mAh;6.83 inches;2025
CMP-0007;REA-PRD-0010;14 Pro 5G 128GB;184g;8GB;16MP;50MP + 8MP;MediaTek Dimensity 7300 Energy;5,800mAh;6.7 inches;2025
CMP-0007;REA-PRD-0011;14 Pro 5G 256GB;184g;8GB;16MP;50MP + 8MP;MediaTek Dimensity 7300 Energy;5,800mAh;6.7 inches;2025
CMP-0007;REA-PRD-0012;14x 5G 128GB;190g;6GB;16MP;48MP + 2MP + 2MP;Qualcomm Snapdragon 7s Gen 2;5,500mAh;6.6 inches;2025
CMP-0007;REA-PRD-0013;14x 5G 256GB;190g;8GB;16MP;48MP + 2MP + 2MP;Qualcomm Snapdragon 7s Gen 2;5,500mAh;6.6 inches;2025
CMP-0007;REA-PRD-0014;13+ 5G 128GB;185g;8GB;16MP;50MP + 2MP;MediaTek Dimensity 7200;5,000mAh;6.5 inches;2024
CMP-0007;REA-PRD-0015;13+ 5G 256GB;185g;8GB;16MP;50MP + 2MP;MediaTek Dimensity 7200;5,000mAh;6.5 inches;2024
CMP-0007;REA-PRD-0016;13 5G 128GB;190g;6GB;16MP;50MP + 2MP;MediaTek Dimensity 6100+;5,000mAh;6.6 inches;2024
CMP-0007;REA-PRD-0017;13 5G 256GB;190g;8GB;16MP;50MP + 2MP;MediaTek Dimensity 6100+;5,000mAh;6.6 inches;2024
CMP-0007;REA-PRD-0018;13 Pro 5G 128GB;192g;8GB;16MP;50MP + 8MP + 2MP;Qualcomm Snapdragon 7s Gen 2;5,200mAh;6.7 inches;2024
CMP-0007;REA-PRD-0019;13 Pro 5G 256GB;192g;12GB;16MP;50MP + 8MP + 2MP;Qualcomm Snapdragon 7s Gen 2;5,200mAh;6.7 inches;2024
CMP-0007;REA-PRD-0020;13 Pro+ 5G 256GB;195g;12GB;32MP;50MP + 8MP + 50MP;Qualcomm Snapdragon 7+ Gen 2;5,500mAh;6.78 inches;2024
CMP-0007;REA-PRD-0021;13 Pro+ 5G 512GB;195g;16GB;32MP;50MP + 8MP + 50MP;Qualcomm Snapdragon 7+ Gen 2;5,500mAh;6.78 inches;2024
CMP-0007;REA-PRD-0022;P1 Speed 5G 128GB;185g;8GB;16MP;64MP + 2MP;MediaTek Dimensity 8100;5,100mAh;6.7 inches;2024
CMP-0007;REA-PRD-0023;P1 Speed 5G 256GB;185g;12GB;16MP;64MP + 2MP;MediaTek Dimensity 8100;5,100mAh;6.7 inches;2024
CMP-0007;REA-PRD-0024;P2 Pro 5G 256GB;188g;12GB;32MP;50MP + 8MP + 50MP;Qualcomm Snapdragon 7+ Gen 3;5,500mAh;6.78 inches;2024
CMP-0007;REA-PRD-0025;P2 Pro 5G 512GB;188g;16GB;32MP;50MP + 8MP + 50MP;Qualcomm Snapdragon 7+ Gen 3;5,500mAh;6.78 inches;2024
CMP-0007;REA-PRD-0026;P1 5G 128GB;184g;6GB;16MP;50MP + 2MP;MediaTek Dimensity 6100+;5,000mAh;6.6 inches;2024
CMP-0007;REA-PRD-0027;P1 5G 256GB;184g;8GB;16MP;50MP + 2MP;MediaTek Dimensity 6100+;5,000mAh;6.6 inches;2024
CMP-0007;REA-PRD-0028;P1 Pro 5G 128GB;190g;8GB;16MP;64MP + 2MP;Qualcomm Snapdragon 7s Gen 1;5,200mAh;6.7 inches;2024
CMP-0007;REA-PRD-0029;P1 Pro 5G 256GB;190g;12GB;16MP;64MP + 2MP;Qualcomm Snapdragon 7s Gen 1;5,200mAh;6.7 inches;2024
CMP-0007;REA-PRD-0030;Narzo 70 Turbo 5G 128GB;200g;8GB;16MP;50MP + 2MP;MediaTek Dimensity 810;5,000mAh;6.6 inches;2024
CMP-0007;REA-PRD-0031;Narzo 70 Turbo 5G 256GB;200g;8GB;16MP;50MP + 2MP;MediaTek Dimensity 810;5,000mAh;6.6 inches;2024
CMP-0007;REA-PRD-0032;Narzo N61 128GB;195g;6GB;16MP;50MP + 2MP;MediaTek Helio G99;5,000mAh;6.5 inches;2024
CMP-0007;REA-PRD-0033;Narzo N63 128GB;193g;6GB;16MP;50MP + 2MP;MediaTek Helio G88;5,000mAh;6.5 inches;2024
CMP-0007;REA-PRD-0034;Narzo N65 5G 128GB;198g;8GB;16MP;50MP + 2MP;MediaTek Dimensity 700;5,000mAh;6.6 inches;2024
CMP-0007;REA-PRD-0035;Narzo 70 5G 128GB;198g;8GB;16MP;50MP + 2MP;MediaTek Dimensity 810;5,200mAh;6.6 inches;2024
CMP-0007;REA-PRD-0036;C75 128GB;190g;6GB;8MP;50MP + 2MP;MediaTek Helio G85;5,000mAh;6.6 inches;2024
CMP-0007;REA-PRD-0037;C75 256GB;190g;8GB;8MP;50MP + 2MP;MediaTek Helio G85;5,000mAh;6.6 inches;2024
CMP-0007;REA-PRD-0038;C61 128GB;189g;4GB;8MP;50MP + 2MP;Unisoc T612;5,000mAh;6.5 inches;2024
CMP-0007;REA-PRD-0039;C67 128GB;195g;6GB;8MP;50MP + 2MP;MediaTek Helio G88;5,000mAh;6.6 inches;2024
CMP-0007;REA-PRD-0040;C67 256GB;195g;8GB;8MP;50MP + 2MP;MediaTek Helio G88;5,000mAh;6.6 inches;2024
CMP-0007;REA-PRD-0041;C65 128GB;192g;6GB;8MP;50MP + 2MP;Qualcomm Snapdragon 680;5,000mAh;6.6 inches;2024
CMP-0007;REA-PRD-0042;C65 256GB;192g;8GB;8MP;50MP + 2MP;Qualcomm Snapdragon 680;5,000mAh;6.6 inches;2024
CMP-0007;REA-PRD-0043;C63 128GB;191g;6GB;8MP;50MP + 2MP;MediaTek Helio G85;5,000mAh;6.6 inches;2024
CMP-0007;REA-PRD-0044;C55 128GB;189g;6GB;8MP;64MP + 2MP;MediaTek Helio G88;5,000mAh;6.72 inches;2023
CMP-0007;REA-PRD-0045;C55 256GB;189g;8GB;8MP;64MP + 2MP;MediaTek Helio G88;5,000mAh;6.72 inches;2023
CMP-0007;REA-PRD-0046;Note 60x 128GB;198g;6GB;16MP;50MP + 2MP;MediaTek Dimensity 6100+;5,200mAh;6.6 inches;2024
CMP-0007;REA-PRD-0047;Note 60 128GB;196g;6GB;16MP;50MP + 2MP;MediaTek Dimensity 810;5,200mAh;6.6 inches;2024
CMP-0007;REA-PRD-0048;Note 60 256GB;196g;8GB;16MP;50MP + 2MP;MediaTek Dimensity 810;5,200mAh;6.6 inches;2024
CMP-0007;REA-PRD-0049;Note 50 128GB;195g;6GB;16MP;50MP + 2MP;MediaTek Helio G99;5,000mAh;6.5 inches;2024
CMP-0007;REA-PRD-0050;GT 7 128GB;199g;8GB;16MP;50MP + 8MP + 2MP;Qualcomm Snapdragon 8 Gen 2;5,200mAh;6.8 inches;2024
CMP-0007;REA-PRD-0051;GT 7 256GB;199g;12GB;16MP;50MP + 8MP + 2MP;Qualcomm Snapdragon 8 Gen 2;5,200mAh;6.8 inches;2024
CMP-0007;REA-PRD-0052;Neo 7 128GB;193g;8GB;16MP;64MP + 8MP + 2MP;MediaTek Dimensity 8200;5,000mAh;6.7 inches;2024
CMP-0007;REA-PRD-0053;Neo 7 256GB;193g;12GB;16MP;64MP + 8MP + 2MP;MediaTek Dimensity 8200;5,000mAh;6.7 inches;2024
CMP-0007;REA-PRD-0054;P2 Pro 5G 128GB;195g;8GB;16MP;50MP + 8MP;MediaTek Dimensity 9200;5,100mAh;6.7 inches;2024
CMP-0007;REA-PRD-0055;P2 Pro 5G 256GB;195g;12GB;16MP;50MP + 8MP;MediaTek Dimensity 9200;5,100mAh;6.7 inches;2024
CMP-0007;REA-PRD-0056;Pad 64GB;440g;4GB;8MP;8MP;MediaTek Helio G80;7,100mAh;10.4 inches;2021
CMP-0007;REA-PRD-0057;Pad 128GB;440g;6GB;8MP;8MP;MediaTek Helio G80;7,100mAh;10.4 inches;2021
CMP-0007;REA-PRD-0058;Pad 2 128GB;482g;6GB;8MP;8MP;MediaTek Helio G99;8,360mAh;11.5 inches;2023
CMP-0007;REA-PRD-0059;Pad 2 256GB;482g;8GB;8MP;8MP;MediaTek Helio G99;8,360mAh;11.5 inches;2023
CMP-0007;REA-PRD-0060;Pad 2 Lite 64GB;466g;4GB;8MP;8MP;MediaTek Helio G85;7,100mAh;10.4 inches;2023
CMP-0007;REA-PRD-0061;Pad 2 Lite 128GB;466g;6GB;8MP;8MP;MediaTek Helio G85;7,100mAh;10.4 inches;2023
CMP-0007;REA-PRD-0062;Pad X 64GB;499g;4GB;8MP;13MP;Qualcomm Snapdragon 695;8,340mAh;11 inches;2022
CMP-0007;REA-PRD-0063;Pad X 128GB;499g;6GB;8MP;13MP;Qualcomm Snapdragon 695;8,340mAh;11 inches;2022
CMP-0007;REA-PRD-0064;Pad Mini 32GB;372g;3GB;5MP;8MP;Unisoc T616;6,400mAh;8.7 inches;2022
CMP-0007;REA-PRD-0065;Pad Mini 64GB;372g;4GB;5MP;8MP;Unisoc T616;6,400mAh;8.7 inches;2022
CMP-0007;REA-PRD-0066;Pad Slim 64GB;440g;4GB;8MP;8MP;MediaTek Helio G80;7,100mAh;10.4 inches;2022
CMP-0007;REA-PRD-0067;Pad Slim 128GB;440g;6GB;8MP;8MP;MediaTek Helio G80;7,100mAh;10.4 inches;2022
CMP-0007;REA-PRD-0068;TechLife Pad Neo 64GB;465g;4GB;8MP;8MP;MediaTek Helio G85;7,200mAh;10.5 inches;2024
CMP-0007;REA-PRD-0069;TechLife Pad Neo 128GB;465g;6GB;8MP;8MP;MediaTek Helio G85;7,200mAh;10.5 inches;2024
CMP-0002;SAM-PRD-0001;Galaxy S24 Ultra 128GB;234g;12GB;12MP;200MP + 12MP;Exynos 2400;5000mAh;6.8 inches;2024
CMP-0002;SAM-PRD-0002;Galaxy S24 Ultra 256GB;234g;12GB;12MP;200MP + 12MP;Exynos 2400;5000mAh;6.8 inches;2024
CMP-0002;SAM-PRD-0003;Galaxy S24+ 128GB;196g;8GB;12MP;50MP + 12MP;Exynos 2400;4800mAh;6.6 inches;2024
CMP-0002;SAM-PRD-0004;Galaxy S24+ 256GB;196g;8GB;12MP;50MP + 12MP;Exynos 2400;4800mAh;6.6 inches;2024
CMP-0002;SAM-PRD-0005;Galaxy S24 128GB;168g;8GB;12MP;50MP + 12MP;Exynos 2400;4000mAh;6.1 inches;2024
CMP-0002;SAM-PRD-0006;Galaxy S24 256GB;168g;8GB;12MP;50MP + 12MP;Exynos 2400;4000mAh;6.1 inches;2024
CMP-0002;SAM-PRD-0007;Galaxy S23 Ultra 128GB;228g;12GB;12MP;200MP + 12MP;Snapdragon 8 Gen 2;5000mAh;6.8 inches;2023
CMP-0002;SAM-PRD-0008;Galaxy S23 Ultra 256GB;228g;12GB;12MP;200MP + 12MP;Snapdragon 8 Gen 2;5000mAh;6.8 inches;2023
CMP-0002;SAM-PRD-0009;Galaxy S23+ 128GB;196g;8GB;12MP;50MP + 12MP;Snapdragon 8 Gen 2;4700mAh;6.6 inches;2023
CMP-0002;SAM-PRD-0010;Galaxy S23+ 256GB;196g;8GB;12MP;50MP + 12MP;Snapdragon 8 Gen 2;4700mAh;6.6 inches;2023
CMP-0002;SAM-PRD-0011;Galaxy S23 128GB;168g;8GB;12MP;50MP + 12MP;Snapdragon 8 Gen 2;3900mAh;6.1 inches;2023
CMP-0002;SAM-PRD-0012;Galaxy S23 256GB;168g;8GB;12MP;50MP + 12MP;Snapdragon 8 Gen 2;3900mAh;6.1 inches;2023
CMP-0002;SAM-PRD-0013;Galaxy S22 Ultra 128GB;228g;12GB;10MP;108MP + 12MP;Exynos 2200;5000mAh;6.8 inches;2022
CMP-0002;SAM-PRD-0014;Galaxy S22 Ultra 256GB;228g;12GB;10MP;108MP + 12MP;Exynos 2200;5000mAh;6.8 inches;2022
CMP-0002;SAM-PRD-0015;Galaxy S22+ 128GB;195g;8GB;10MP;50MP + 12MP;Exynos 2200;4500mAh;6.6 inches;2022
CMP-0002;SAM-PRD-0016;Galaxy S22+ 256GB;195g;8GB;10MP;50MP + 12MP;Exynos 2200;4500mAh;6.6 inches;2022
CMP-0002;SAM-PRD-0017;Galaxy S22 128GB;167g;8GB;10MP;50MP + 12MP;Exynos 2200;3800mAh;6.1 inches;2022
CMP-0002;SAM-PRD-0018;Galaxy S22 256GB;167g;8GB;10MP;50MP + 12MP;Exynos 2200;3800mAh;6.1 inches;2022
CMP-0002;SAM-PRD-0019;Galaxy Z Fold 5 256GB;254g;12GB;10MP;50MP + 12MP;Snapdragon 8 Gen 2;4400mAh;7.6 inches;2023
CMP-0002;SAM-PRD-0020;Galaxy Z Fold 5 512GB;254g;12GB;10MP;50MP + 12MP;Snapdragon 8 Gen 2;4400mAh;7.6 inches;2023
CMP-0002;SAM-PRD-0021;Galaxy Z Flip 5 256GB;187g;8GB;12MP;12MP + 12MP;Snapdragon 8 Gen 2;3700mAh;6.7 inches;2023
CMP-0002;SAM-PRD-0022;Galaxy Z Flip 5 512GB;187g;8GB;12MP;12MP + 12MP;Snapdragon 8 Gen 2;3700mAh;6.7 inches;2023
CMP-0002;SAM-PRD-0023;Galaxy Z Fold 4 256GB;263g;12GB;10MP;50MP + 12MP;Snapdragon 8 Gen 1;4400mAh;7.6 inches;2022
CMP-0002;SAM-PRD-0024;Galaxy Z Fold 4 512GB;263g;12GB;10MP;50MP + 12MP;Snapdragon 8 Gen 1;4400mAh;7.6 inches;2022
CMP-0002;SAM-PRD-0025;Galaxy Z Flip 4 256GB;187g;8GB;10MP;12MP + 12MP;Snapdragon 8 Gen 1;3700mAh;6.7 inches;2022
CMP-0002;SAM-PRD-0026;Galaxy Z Flip 4 512GB;187g;8GB;10MP;12MP + 12MP;Snapdragon 8 Gen 1;3700mAh;6.7 inches;2022
CMP-0002;SAM-PRD-0027;Galaxy A54 128GB;189g;6GB;32MP;50MP + 12MP;Exynos 1380;5000mAh;6.4 inches;2023
CMP-0002;SAM-PRD-0028;Galaxy A54 256GB;189g;6GB;32MP;50MP + 12MP;Exynos 1380;5000mAh;6.4 inches;2023
CMP-0002;SAM-PRD-0029;Galaxy A34 128GB;199g;6GB;13MP;48MP + 8MP;MediaTek Dimensity 1080;5000mAh;6.6 inches;2023
CMP-0002;SAM-PRD-0030;Galaxy A34 256GB;199g;6GB;13MP;48MP + 8MP;MediaTek Dimensity 1080;5000mAh;6.6 inches;2023
CMP-0002;SAM-PRD-0031;Galaxy A24 128GB;195g;6GB;13MP;50MP + 5MP;MediaTek Helio G99;5000mAh;6.5 inches;2023
CMP-0002;SAM-PRD-0032;Galaxy A24 256GB;195g;6GB;13MP;50MP + 5MP;MediaTek Helio G99;5000mAh;6.5 inches;2023
CMP-0002;SAM-PRD-0033;Galaxy A14 128GB;190g;4GB;13MP;50MP + 2MP;Exynos 850;5000mAh;6.6 inches;2023
CMP-0002;SAM-PRD-0034;Galaxy A14 256GB;190g;4GB;13MP;50MP + 2MP;Exynos 850;5000mAh;6.6 inches;2023
CMP-0002;SAM-PRD-0035;Galaxy A04 64GB;188g;4GB;5MP;50MP + 2MP;Exynos 850;5000mAh;6.5 inches;2022
CMP-0002;SAM-PRD-0036;Galaxy A04 128GB;188g;4GB;5MP;50MP + 2MP;Exynos 850;5000mAh;6.5 inches;2022
CMP-0002;SAM-PRD-0037;Galaxy M54 128GB;202g;8GB;32MP;108MP + 8MP;Exynos 1380;6000mAh;6.7 inches;2023
CMP-0002;SAM-PRD-0038;Galaxy M54 256GB;202g;8GB;32MP;108MP + 8MP;Exynos 1380;6000mAh;6.7 inches;2023
CMP-0002;SAM-PRD-0039;Galaxy M34 128GB;199g;6GB;13MP;50MP + 8MP;Exynos 1280;6000mAh;6.5 inches;2023
CMP-0002;SAM-PRD-0040;Galaxy M34 256GB;199g;6GB;13MP;50MP + 8MP;Exynos 1280;6000mAh;6.5 inches;2023
CMP-0002;SAM-PRD-0041;Galaxy M14 128GB;202g;4GB;13MP;50MP + 2MP;Exynos 850;6000mAh;6.6 inches;2023
CMP-0002;SAM-PRD-0042;Galaxy M14 256GB;202g;4GB;13MP;50MP + 2MP;Exynos 850;6000mAh;6.6 inches;2023
CMP-0002;SAM-PRD-0043;Galaxy M04 64GB;188g;4GB;5MP;13MP + 2MP;MediaTek Helio P35;5000mAh;6.5 inches;2022
CMP-0002;SAM-PRD-0044;Galaxy M04 128GB;188g;4GB;5MP;13MP + 2MP;MediaTek Helio P35;5000mAh;6.5 inches;2022
CMP-0002;SAM-PRD-0045;Galaxy F54 128GB;199g;8GB;32MP;108MP + 8MP;Exynos 1380;6000mAh;6.7 inches;2023
CMP-0002;SAM-PRD-0046;Galaxy F54 256GB;199g;8GB;32MP;108MP + 8MP;Exynos 1380;6000mAh;6.7 inches;2023
CMP-0002;SAM-PRD-0047;Galaxy F34 128GB;190g;6GB;13MP;50MP + 8MP;Exynos 1280;6000mAh;6.5 inches;2023
CMP-0002;SAM-PRD-0048;Galaxy F34 256GB;190g;6GB;13MP;50MP + 8MP;Exynos 1280;6000mAh;6.5 inches;2023
CMP-0002;SAM-PRD-0049;Galaxy F14 128GB;198g;4GB;13MP;50MP + 2MP;Exynos 850;6000mAh;6.6 inches;2023
CMP-0002;SAM-PRD-0050;Galaxy F14 256GB;198g;4GB;13MP;50MP + 2MP;Exynos 850;6000mAh;6.6 inches;2023
CMP-0002;SAM-PRD-0051;Galaxy Note 20 Ultra 128GB;208g;12GB;10MP;108MP + 12MP;Exynos 990;4500mAh;6.9 inches;2020
CMP-0002;SAM-PRD-0052;Galaxy Note 20 Ultra 256GB;208g;12GB;10MP;108MP + 12MP;Exynos 990;4500mAh;6.9 inches;2020
CMP-0002;SAM-PRD-0053;Galaxy Note 20 128GB;192g;8GB;10MP;108MP + 12MP;Exynos 990;4300mAh;6.7 inches;2020
CMP-0002;SAM-PRD-0054;Galaxy Note 20 256GB;192g;8GB;10MP;108MP + 12MP;Exynos 990;4300mAh;6.7 inches;2020
CMP-0002;SAM-PRD-0055;Galaxy Note 10+ 256GB;196g;12GB;10MP;12MP + 16MP;Exynos 9825;4300mAh;6.8 inches;2019
CMP-0002;SAM-PRD-0056;Galaxy Note 10+ 512GB;196g;12GB;10MP;12MP + 16MP;Exynos 9825;4300mAh;6.8 inches;2019
CMP-0002;SAM-PRD-0057;Galaxy Note 10 256GB;168g;8GB;10MP;12MP + 16MP;Exynos 9825;3500mAh;6.3 inches;2019
CMP-0002;SAM-PRD-0058;Galaxy Note 10 128GB;168g;8GB;10MP;12MP + 16MP;Exynos 9825;3500mAh;6.3 inches;2019
CMP-0002;SAM-PRD-0059;Galaxy Xcover 6 Pro 128GB;235g;6GB;13MP;50MP;Exynos 1380;4050mAh;6.6 inches;2022
CMP-0002;SAM-PRD-0060;Galaxy Xcover 5 64GB;172g;4GB;5MP;16MP;Exynos 850;3000mAh;5.3 inches;2020
CMP-0002;SAM-PRD-0061;Galaxy J8 64GB;191g;4GB;16MP;16MP + 5MP;Snapdragon 450;3500mAh;6.0 inches;2018
CMP-0002;SAM-PRD-0062;Galaxy J7 Pro 64GB;181g;3GB;13MP;13MP;Exynos 7870;3600mAh;5.5 inches;2017
CMP-0002;SAM-PRD-0063;Galaxy J6+ 64GB;178g;4GB;8MP;13MP + 5MP;Snapdragon 425;3300mAh;6.0 inches;2018
CMP-0002;SAM-PRD-0064;Galaxy J4 16GB;175g;2GB;5MP;13MP;Exynos 7570;3000mAh;5.5 inches;2018
CMP-0002;SAM-PRD-0065;Galaxy C9 Pro 64GB;189g;6GB;16MP;16MP + 8MP;Snapdragon 653;4000mAh;6.0 inches;2016
CMP-0002;SAM-PRD-0066;Galaxy C7 Pro 64GB;165g;4GB;16MP;16MP;Snapdragon 625;3300mAh;5.7 inches;2017
CMP-0002;SAM-PRD-0067;Galaxy C5 32GB;143g;4GB;8MP;16MP;Snapdragon 617;2600mAh;5.2 inches;2016
CMP-0002;SAM-PRD-0068;Galaxy W22 5G 256GB;228g;12GB;10MP;108MP + 12MP;Snapdragon 888;4500mAh;7.6 inches;2021
CMP-0002;SAM-PRD-0069;Galaxy W21 5G 256GB;229g;12GB;10MP;108MP + 12MP;Snapdragon 888;4500mAh;7.6 inches;2020
CMP-0002;SAM-PRD-0070;Galaxy Tab S9 Ultra 256GB;732g;12GB;12MP + 12MP;13MP + 8MP;Snapdragon 8 Gen 2;11200mAh;14.6 inches;2023
CMP-0002;SAM-PRD-0071;Galaxy Tab S9+ 256GB;586g;12GB;12MP;13MP + 8MP;Snapdragon 8 Gen 2;10090mAh;12.4 inches;2023
CMP-0002;SAM-PRD-0072;Galaxy Tab S9 128GB;498g;8GB;12MP;13MP;Snapdragon 8 Gen 2;8400mAh;11 inches;2023
CMP-0002;SAM-PRD-0073;Galaxy Tab S9 FE 128GB;523g;6GB;12MP;8MP;Exynos 1380;8000mAh;10.9 inches;2023
CMP-0002;SAM-PRD-0074;Galaxy Tab S8 Ultra 256GB;726g;12GB;12MP + 12MP;13MP + 6MP;Snapdragon 8 Gen 1;11200mAh;14.6 inches;2022
CMP-0002;SAM-PRD-0075;Galaxy Tab S8+ 256GB;567g;8GB;12MP;13MP + 6MP;Snapdragon 8 Gen 1;10090mAh;12.4 inches;2022
CMP-0002;SAM-PRD-0076;Galaxy Tab S8 128GB;503g;8GB;12MP;13MP + 6MP;Snapdragon 8 Gen 1;8000mAh;11 inches;2022
CMP-0002;SAM-PRD-0077;Galaxy Tab A9+ 128GB;480g;8GB;5MP;8MP;Snapdragon 695;7040mAh;11 inches;2023
CMP-0002;SAM-PRD-0078;Galaxy Tab A9 64GB;366g;4GB;2MP;8MP;MediaTek Helio G99;5100mAh;8.7 inches;2023
CMP-0002;SAM-PRD-0079;Galaxy Tab A8 64GB;508g;4GB;5MP;8MP;Unisoc T618;7040mAh;10.5 inches;2022
CMP-0002;SAM-PRD-0080;Galaxy Tab A7 Lite 32GB;366g;3GB;2MP;8MP;MediaTek Helio P22T;5100mAh;8.7 inches;2021
CMP-0002;SAM-PRD-0081;Galaxy Tab Active 5 128GB;433g;6GB;5MP;13MP;Exynos 1380;5050mAh;8 inches;2024
CMP-0002;SAM-PRD-0082;Galaxy Tab Active 4 Pro 128GB;674g;6GB;8MP;13MP;Snapdragon 778G;7600mAh;10.1 inches;2022
CMP-0002;SAM-PRD-0083;Galaxy Tab Active 3 64GB;426g;4GB;5MP;13MP;Exynos 9810;5050mAh;8 inches;2020
CMP-0002;SAM-PRD-0084;Galaxy Tab E 10.1 16GB;490g;1.5GB;2MP;5MP;Spreadtrum SC8830;5000mAh;10.1 inches;2016
CMP-0002;SAM-PRD-0085;Galaxy Tab E 8.0 16GB;360g;1.5GB;2MP;5MP;Qualcomm MSM8916;5000mAh;8 inches;2016
CMP-0002;SAM-PRD-0086;Galaxy Z Fold6 256GB;239g;12GB;10MP, 4MP (UDC);50MP;Snapdragon 8 Gen 3;4400mAh;7.6 inches;2024
CMP-0002;SAM-PRD-0087;Galaxy Z Fold6 512GB;239g;12GB;10MP, 4MP (UDC);50MP;Snapdragon 8 Gen 3;4400mAh;7.6 inches;2024
CMP-0002;SAM-PRD-0088;Galaxy Z Fold6 1TB;239g;12GB;10MP, 4MP (UDC);50MP;Snapdragon 8 Gen 3;4400mAh;7.6 inches;2024
CMP-0013;SON-PRD-0001;Xperia 1 IV 256GB;185g;12GB;12MP;12MP;Snapdragon 8 Gen 1;5,000mAh;6.5 inches;2022
CMP-0013;SON-PRD-0002;Xperia 5 IV 128GB;172g;8GB;12MP;12MP;Snapdragon 8 Gen 1;5,000mAh;6.1 inches;2022
CMP-0013;SON-PRD-0003;Xperia 10 IV 128GB;161g;6GB;8MP;12MP;Snapdragon 695;5,000mAh;6.0 inches;2022
CMP-0013;SON-PRD-0004;Xperia 1 V 256GB;187g;12GB;12MP;48MP;Snapdragon 8 Gen 2;5,000mAh;6.5 inches;2023
CMP-0013;SON-PRD-0005;Xperia 5 V 128GB;178g;8GB;12MP;48MP;Snapdragon 8 Gen 2;5,000mAh;6.1 inches;2023
CMP-0013;SON-PRD-0006;Xperia 10 V 128GB;164g;6GB;8MP;48MP;Snapdragon 695;5,000mAh;6.1 inches;2023
CMP-0013;SON-PRD-0007;Xperia 1 VI 256GB;190g;12GB;12MP;48MP;Snapdragon 8 Gen 3;5,000mAh;6.5 inches;2024
CMP-0013;SON-PRD-0008;Xperia 5 VI 128GB;180g;8GB;12MP;48MP;Snapdragon 8 Gen 3;5,000mAh;6.1 inches;2024
CMP-0013;SON-PRD-0009;Xperia 10 VI 128GB;167g;6GB;8MP;48MP;Snapdragon 7 Gen 1;5,000mAh;6.1 inches;2024
CMP-0015;TEC-PRD-0001;Spark Go 1S 64GB;190g;4GB;8MP;13MP;MediaTek Helio A22;5,000mAh;6.6 inches;2024
CMP-0015;TEC-PRD-0002;Megapad 11 256GB;450g;8GB;13MP;50MP;MediaTek G99;8,000mAh;11 inches;2024
CMP-0015;TEC-PRD-0003;Pop 9 4G 64GB;195g;3GB;5MP;8MP;Unisoc SC9863A;5,000mAh;6.52 inches;2024
CMP-0015;TEC-PRD-0004;Megapad 128GB;420g;6GB;12MP;50MP;MediaTek Helio G80;7,500mAh;10.9 inches;2024
CMP-0015;TEC-PRD-0005;Camon 30S 256GB;198g;8GB;32MP;50MP;MediaTek Dimensity 810;5,200mAh;6.8 inches;2024
CMP-0015;TEC-PRD-0006;Spark 30C 5G 128GB;200g;6GB;16MP;50MP;MediaTek Dimensity 6100+;5,000mAh;6.6 inches;2024
CMP-0015;TEC-PRD-0007;Spark 30 5G 128GB;195g;6GB;16MP;50MP;MediaTek Dimensity 6020;5,000mAh;6.6 inches;2024
CMP-0015;TEC-PRD-0008;Pop 9 64GB;190g;3GB;5MP;8MP;Unisoc SC9832E;5,000mAh;6.52 inches;2024
CMP-0015;TEC-PRD-0009;Spark 30 Pro 256GB;205g;8GB;32MP;50MP;MediaTek Helio G99;5,200mAh;6.8 inches;2024
CMP-0015;TEC-PRD-0010;Spark 30 128GB;192g;4GB;16MP;50MP;MediaTek Helio G85;5,000mAh;6.6 inches;2024
CMP-0015;TEC-PRD-0011;Phantom V Fold2 512GB;280g;12GB;32MP;64MP;MediaTek Dimensity 9200+;5,500mAh;7.85 inches;2024
CMP-0015;TEC-PRD-0012;Phantom V Flip2 256GB;195g;8GB;32MP;50MP;MediaTek Dimensity 8050;4,300mAh;6.9 inches;2024
CMP-0015;TEC-PRD-0013;Pova 6 Neo 5G 256GB;225g;8GB;16MP;50MP;MediaTek Dimensity 810;6,000mAh;6.8 inches;2024
CMP-0015;TEC-PRD-0014;Spark 30C 128GB;190g;4GB;16MP;50MP;MediaTek Helio G85;5,000mAh;6.6 inches;2024
CMP-0015;TEC-PRD-0015;Spark Go 1 64GB;195g;3GB;5MP;8MP;Unisoc SC9863A;5,000mAh;6.52 inches;2024
CMP-0015;TEC-PRD-0016;Camon 30S Pro 512GB;202g;12GB;50MP;108MP;MediaTek Dimensity 9200;5,200mAh;6.9 inches;2024
CMP-0015;TEC-PRD-0017;Spark 20P 128GB;195g;4GB;16MP;50MP;MediaTek Helio G85;5,000mAh;6.6 inches;2024
CMP-0015;TEC-PRD-0018;Spark 20 Pro 5G 256GB;210g;8GB;32MP;50MP;MediaTek Dimensity 810;5,200mAh;6.8 inches;2024
CMP-0015;TEC-PRD-0019;Pova 6 Neo 256GB;230g;8GB;16MP;50MP;MediaTek Helio G99;6,000mAh;6.8 inches;2024
CMP-0015;TEC-PRD-0020;Camon 30 Premier 512GB;210g;12GB;50MP;108MP;MediaTek Dimensity 9200;5,200mAh;6.9 inches;2024
CMP-0015;TEC-PRD-0021;Camon 30 Pro 512GB;205g;12GB;50MP;64MP;MediaTek Dimensity 8200;5,200mAh;6.8 inches;2024
CMP-0015;TEC-PRD-0022;Camon 30 5G 256GB;198g;8GB;32MP;50MP;MediaTek Dimensity 810;5,000mAh;6.7 inches;2024
CMP-0015;TEC-PRD-0023;Camon 30 128GB;195g;6GB;32MP;50MP;MediaTek Helio G99;5,000mAh;6.7 inches;2024
CMP-0015;TEC-PRD-0024;Pova 6 Pro 512GB;230g;12GB;32MP;64MP;MediaTek Dimensity 8100;6,000mAh;6.9 inches;2024
CMP-0015;TEC-PRD-0025;Spark 20 Pro+ 256GB;210g;8GB;32MP;50MP;MediaTek Helio G99;5,200mAh;6.8 inches;2024
CMP-0015;TEC-PRD-0026;Spark 20 Pro 128GB;195g;6GB;16MP;50MP;MediaTek Helio G85;5,000mAh;6.6 inches;2024
CMP-0015;TEC-PRD-0027;Spark 20 128GB;192g;4GB;16MP;50MP;MediaTek Helio G85;5,000mAh;6.6 inches;2024
CMP-0015;TEC-PRD-0028;Spark 20C 128GB;190g;4GB;16MP;50MP;MediaTek Helio G85;5,000mAh;6.6 inches;2024
CMP-0015;TEC-PRD-0029;Spark Go 2024 64GB;195g;3GB;5MP;8MP;Unisoc SC9863A;5,000mAh;6.52 inches;2024
CMP-0015;TEC-PRD-0030;Pop 8 64GB;195g;3GB;5MP;8MP;Unisoc SC9832E;5,000mAh;6.52 inches;2024
CMP-0015;TEC-PRD-0031;Camon 20s Pro 5G 512GB;202g;12GB;50MP;108MP;MediaTek Dimensity 9200;5,200mAh;6.9 inches;2024
CMP-0015;TEC-PRD-0032;Camon 20s Pro 256GB;202g;12GB;50MP;108MP;MediaTek Dimensity 810;5,200mAh;6.9 inches;2024
CMP-0015;TEC-PRD-0033;Camon 20s 256GB;200g;8GB;32MP;50MP;MediaTek Helio G99;5,000mAh;6.7 inches;2024
CMP-0015;TEC-PRD-0034;Camon 20 Premier 512GB;205g;12GB;50MP;108MP;MediaTek Dimensity 8200;5,200mAh;6.8 inches;2024
CMP-0015;TEC-PRD-0035;Camon 20 Pro 5G 256GB;200g;8GB;32MP;50MP;MediaTek Dimensity 810;5,000mAh;6.7 inches;2024
CMP-0015;TEC-PRD-0036;Camon 20 Pro 128GB;198g;6GB;32MP;50MP;MediaTek Helio G99;5,000mAh;6.7 inches;2024
CMP-0015;TEC-PRD-0037;Camon 20 128GB;195g;6GB;32MP;50MP;MediaTek Helio G99;5,000mAh;6.7 inches;2024
CMP-0015;TEC-PRD-0038;Pova 5G 512GB;240g;8GB;32MP;50MP;MediaTek Dimensity 900;6,000mAh;6.9 inches;2024
CMP-0015;TEC-PRD-0039;Pova 5 256GB;230g;8GB;16MP;50MP;MediaTek Helio G99;6,000mAh;6.8 inches;2024
CMP-0004;VIV-PRD-0001;X200 128GB;223g;12GB;32MP;50MP;Dimensity 9400;6000mAh;6.78 inches;2024
CMP-0004;VIV-PRD-0002;X200 256GB;223g;12GB;32MP;50MP;Dimensity 9400;6000mAh;6.78 inches;2024
CMP-0004;VIV-PRD-0003;X200 Pro 256GB;223g;16GB;32MP;200MP;Dimensity 9400;6000mAh;6.78 inches;2024
CMP-0004;VIV-PRD-0004;X200 Pro 512GB;223g;16GB;32MP;200MP;Dimensity 9400;6000mAh;6.78 inches;2024
CMP-0004;VIV-PRD-0005;X200 Pro Mini 256GB;187g;16GB;32MP;50MP;Dimensity 9400;5700mAh;6.31 inches;2024
CMP-0004;VIV-PRD-0006;V40e 128GB;179g;8GB;44MP;64MP;Snapdragon 778G;4100mAh;6.44 inches;2024
CMP-0004;VIV-PRD-0007;Y200 GT 128GB;190g;12GB;16MP;64MP;Dimensity 1200;5000mAh;6.58 inches;2024
CMP-0004;VIV-PRD-0008;T3 5G 128GB;180g;8GB;16MP;50MP;Snapdragon 870;5000mAh;6.67 inches;2024
CMP-0004;VIV-PRD-0009;Y100 5G 128GB;181g;8GB;16MP;64MP;Dimensity 900;4500mAh;6.38 inches;2024
CMP-0004;VIV-PRD-0010;S18 Pro 256GB;189g;12GB;32MP;108MP;Snapdragon 8 Gen 2;4700mAh;6.56 inches;2024
CMP-0004;VIV-PRD-0011;V30 Pro 128GB;192g;12GB;32MP;64MP;Dimensity 1100;4500mAh;6.44 inches;2024
CMP-0004;VIV-PRD-0012;iQOO 12 256GB;210g;16GB;16MP;50MP;Snapdragon 8 Gen 3;5000mAh;6.78 inches;2024
CMP-0004;VIV-PRD-0013;Z3 64GB;162g;6GB;12MP;16MP;Snapdragon 710;3315mAh;6.3 inches;2018
CMP-0004;VIV-PRD-0014;V9 64GB;150g;4GB;24MP;16MP;Snapdragon 626;3260mAh;6.3 inches;2018
CMP-0004;VIV-PRD-0015;X9 Plus 128GB;199g;6GB;20MP+8MP;16MP;Snapdragon 653;4000mAh;5.88 inches;2017
CMP-0004;VIV-PRD-0016;Y81 32GB;146g;3GB;5MP;13MP;MediaTek Helio P22;3260mAh;6.22 inches;2018
CMP-0004;VIV-PRD-0017;X5Max 16GB;146g;2GB;5MP;13MP;Snapdragon 615;2300mAh;5.5 inches;2014
CMP-0004;VIV-PRD-0018;V5 Plus 64GB;158g;4GB;20MP+8MP;16MP;Snapdragon 625;3055mAh;5.5 inches;2017
CMP-0004;VIV-PRD-0019;Y95 64GB;163g;4GB;20MP;13MP+2MP;Snapdragon 439;4030mAh;6.22 inches;2018
CMP-0004;VIV-PRD-0020;V3 Max 32GB;168g;4GB;8MP;13MP;Snapdragon 652;3000mAh;5.5 inches;2016
CMP-0004;VIV-PRD-0021;X3S 16GB;153g;1GB;5MP;13MP;MediaTek MT6592;2000mAh;5.0 inches;2014
CMP-0004;VIV-PRD-0022;Y66 32GB;155g;3GB;16MP;13MP;Snapdragon 430;3000mAh;5.5 inches;2017
CMP-0004;VIV-PRD-0023;V19 128GB;176g;8GB;32MP;48MP;Qualcomm Snapdragon 712;4500mAh;6.44 inches;2020
CMP-0004;VIV-PRD-0024;V19 256GB;176g;8GB;32MP;48MP;Qualcomm Snapdragon 712;4500mAh;6.44 inches;2020
CMP-0004;VIV-PRD-0025;V17 Pro 128GB;201g;8GB;32MP;48MP;Qualcomm Snapdragon 675;4100mAh;6.44 inches;2019
CMP-0004;VIV-PRD-0026;V17 Pro 256GB;201g;8GB;32MP;48MP;Qualcomm Snapdragon 675;4100mAh;6.44 inches;2019
CMP-0004;VIV-PRD-0027;Y12s 64GB;191g;3GB;8MP;13MP;MediaTek Helio P35;5000mAh;6.51 inches;2020
CMP-0004;VIV-PRD-0028;Y12s 128GB;191g;4GB;8MP;13MP;MediaTek Helio P35;5000mAh;6.51 inches;2020
CMP-0004;VIV-PRD-0029;S1 Pro 128GB;185g;6GB;32MP;48MP;MediaTek Helio P65;4500mAh;6.38 inches;2019
CMP-0004;VIV-PRD-0030;S1 Pro 256GB;185g;6GB;32MP;48MP;MediaTek Helio P65;4500mAh;6.38 inches;2019
CMP-0004;VIV-PRD-0031;Y11 32GB;190g;3GB;8MP;13MP;Qualcomm Snapdragon 439;5000mAh;6.35 inches;2019
CMP-0004;VIV-PRD-0032;Y11 64GB;190g;3GB;8MP;13MP;Qualcomm Snapdragon 439;5000mAh;6.35 inches;2019
CMP-0004;VIV-PRD-0033;V15 128GB;190g;6GB;32MP;48MP;MediaTek Helio P70;4000mAh;6.53 inches;2019
CMP-0004;VIV-PRD-0034;V15 256GB;190g;6GB;32MP;48MP;MediaTek Helio P70;4000mAh;6.53 inches;2019
CMP-0004;VIV-PRD-0035;X27 Pro 128GB;190g;8GB;32MP;48MP;Qualcomm Snapdragon 710;4000mAh;6.39 inches;2019
CMP-0004;VIV-PRD-0036;X27 Pro 256GB;190g;8GB;32MP;48MP;Qualcomm Snapdragon 710;4000mAh;6.39 inches;2019
CMP-0004;VIV-PRD-0037;Y30 128GB;193g;4GB;8MP;13MP;MediaTek Helio P35;5000mAh;6.47 inches;2020
CMP-0004;VIV-PRD-0038;Y30 64GB;193g;3GB;8MP;13MP;MediaTek Helio P35;5000mAh;6.47 inches;2020
CMP-0004;VIV-PRD-0039;Z1 Pro 64GB;159g;4GB;16MP;16MP;Qualcomm Snapdragon 712;4500mAh;6.53 inches;2019
CMP-0004;VIV-PRD-0040;Z1 Pro 128GB;159g;6GB;16MP;16MP;Qualcomm Snapdragon 712;4500mAh;6.53 inches;2019
CMP-0004;VIV-PRD-0041;X21 128GB;156g;6GB;12MP;12MP;Qualcomm Snapdragon 660;3200mAh;6.28 inches;2018
CMP-0004;VIV-PRD-0042;X21 64GB;156g;4GB;12MP;12MP;Qualcomm Snapdragon 660;3200mAh;6.28 inches;2018
CMP-0004;VIV-PRD-0043;V23e 128GB;172g;8GB;50MP;64MP;MediaTek Helio G96;4050mAh;6.44 inches;2021
CMP-0004;VIV-PRD-0044;V23e 256GB;172g;8GB;50MP;64MP;MediaTek Helio G96;4050mAh;6.44 inches;2021
CMP-0004;VIV-PRD-0045;Y33s 128GB;182g;8GB;16MP;50MP;MediaTek Helio G80;5000mAh;6.58 inches;2021
CMP-0004;VIV-PRD-0046;Y33s 64GB;182g;4GB;16MP;50MP;MediaTek Helio G80;5000mAh;6.58 inches;2021
CMP-0004;VIV-PRD-0047;X60 Pro 256GB;190g;12GB;32MP;48MP;Qualcomm Snapdragon 870;4200mAh;6.56 inches;2021
CMP-0004;VIV-PRD-0048;X60 Pro 512GB;190g;12GB;32MP;48MP;Qualcomm Snapdragon 870;4200mAh;6.56 inches;2021
CMP-0004;VIV-PRD-0049;V20 Pro 128GB;173g;8GB;44MP;64MP;Qualcomm Snapdragon 765G;4000mAh;6.44 inches;2020
CMP-0004;VIV-PRD-0050;V20 Pro 256GB;173g;8GB;44MP;64MP;Qualcomm Snapdragon 765G;4000mAh;6.44 inches;2020
CMP-0004;VIV-PRD-0051;Y75 5G 128GB;179g;8GB;16MP;50MP;MediaTek Dimensity 700;5000mAh;6.58 inches;2021
CMP-0004;VIV-PRD-0052;Y75 5G 256GB;179g;8GB;16MP;50MP;MediaTek Dimensity 700;5000mAh;6.58 inches;2021
CMP-0004;VIV-PRD-0053;Y53s 128GB;190g;6GB;16MP;64MP;MediaTek Helio G80;5000mAh;6.58 inches;2021
CMP-0004;VIV-PRD-0054;Y53s 64GB;190g;6GB;16MP;64MP;MediaTek Helio G80;5000mAh;6.58 inches;2021
CMP-0004;VIV-PRD-0055;V15 Pro 128GB;185g;6GB;32MP;48MP;Qualcomm Snapdragon 675;3700mAh;6.39 inches;2019
CMP-0004;VIV-PRD-0056;V15 Pro 256GB;185g;6GB;32MP;48MP;Qualcomm Snapdragon 675;3700mAh;6.39 inches;2019
CMP-0004;VIV-PRD-0057;X70 Pro 128GB;185g;8GB;32MP;50MP;MediaTek Dimensity 1200;4450mAh;6.56 inches;2021
CMP-0004;VIV-PRD-0058;X70 Pro 256GB;185g;8GB;32MP;50MP;MediaTek Dimensity 1200;4450mAh;6.56 inches;2021
CMP-0004;VIV-PRD-0059;T1 5G 128GB;181g;6GB;16MP;50MP;Qualcomm Snapdragon 695;5000mAh;6.58 inches;2022
CMP-0004;VIV-PRD-0060;T1 5G 256GB;181g;8GB;16MP;50MP;Qualcomm Snapdragon 695;5000mAh;6.58 inches;2022
CMP-0004;VIV-PRD-0061;X30 Pro 128GB;199g;8GB;32MP;64MP;Qualcomm Snapdragon 855;4200mAh;6.44 inches;2019
CMP-0004;VIV-PRD-0062;X30 Pro 256GB;199g;8GB;32MP;64MP;Qualcomm Snapdragon 855;4200mAh;6.44 inches;2019
CMP-0004;VIV-PRD-0063;V27 128GB;182g;8GB;50MP;50MP;MediaTek Dimensity 8200;4600mAh;6.78 inches;2023
CMP-0004;VIV-PRD-0064;V27 256GB;182g;8GB;50MP;50MP;MediaTek Dimensity 8200;4600mAh;6.78 inches;2023
CMP-0004;VIV-PRD-0065;V27 Pro 128GB;182g;8GB;50MP;50MP;MediaTek Dimensity 8200;4600mAh;6.78 inches;2023
CMP-0004;VIV-PRD-0066;V27 Pro 256GB;182g;8GB;50MP;50MP;MediaTek Dimensity 8200;4600mAh;6.78 inches;2023
CMP-0004;VIV-PRD-0067;V25 Pro 128GB;190g;8GB;32MP;64MP;MediaTek Dimensity 1300;4830mAh;6.56 inches;2022
CMP-0004;VIV-PRD-0068;V25 Pro 256GB;190g;8GB;32MP;64MP;MediaTek Dimensity 1300;4830mAh;6.56 inches;2022
CMP-0004;VIV-PRD-0069;X90 Pro 256GB;221g;12GB;32MP;50MP;MediaTek Dimensity 9200;4870mAh;6.78 inches;2022
CMP-0004;VIV-PRD-0070;X90 Pro 512GB;221g;12GB;32MP;50MP;MediaTek Dimensity 9200;4870mAh;6.78 inches;2022
CMP-0004;VIV-PRD-0071;Y100 128GB;190g;8GB;16MP;64MP;MediaTek Dimensity 900;4500mAh;6.44 inches;2023
CMP-0004;VIV-PRD-0072;Y100 256GB;190g;8GB;16MP;64MP;MediaTek Dimensity 900;4500mAh;6.44 inches;2023
CMP-0004;VIV-PRD-0073;T2 Series 128GB;190g;8GB;16MP;64MP;Qualcomm Snapdragon 695;4500mAh;6.44 inches;2023
CMP-0004;VIV-PRD-0074;T2 Series 256GB;190g;8GB;16MP;64MP;Qualcomm Snapdragon 695;4500mAh;6.44 inches;2023
CMP-0004;VIV-PRD-0075;V23 5G 128GB;179g;8GB;50MP;64MP;MediaTek Dimensity 920;4200mAh;6.44 inches;2022
CMP-0004;VIV-PRD-0076;V23 5G 256GB;179g;8GB;50MP;64MP;MediaTek Dimensity 920;4200mAh;6.44 inches;2022
CMP-0004;VIV-PRD-0077;X80 256GB;206g;12GB;32MP;50MP;MediaTek Dimensity 9000;4700mAh;6.78 inches;2022
CMP-0004;VIV-PRD-0078;X80 512GB;206g;12GB;32MP;50MP;MediaTek Dimensity 9000;4700mAh;6.78 inches;2022
CMP-0004;VIV-PRD-0079;Y21 128GB;182g;4GB;8MP;13MP;MediaTek Helio P35;5000mAh;6.51 inches;2021
CMP-0004;VIV-PRD-0080;Y21 64GB;182g;4GB;8MP;13MP;MediaTek Helio P35;5000mAh;6.51 inches;2021
CMP-0004;VIV-PRD-0081;Pad 128GB;498g;6GB;8MP;13MP;Snapdragon 870;8040mAh;11 inches;2022
CMP-0004;VIV-PRD-0082;Pad 2 256GB;535g;8GB;8MP;50MP;MediaTek Dimensity 1200;8040mAh;11 inches;2023
CMP-0004;VIV-PRD-0083;Pad Air 128GB;510g;6GB;8MP;13MP;Snapdragon 870;8040mAh;10.4 inches;2023
CMP-0004;VIV-PRD-0084;Pad 3 128GB;500g;6GB;8MP;13MP;Snapdragon 750G;8040mAh;11 inches;2023
CMP-0004;VIV-PRD-0085;Pad 3 Pro 256GB;550g;8GB;8MP;50MP;Snapdragon 888;8040mAh;12.3 inches;2023
CMP-0004;VIV-PRD-0086;Pad 4 Pro 256GB;560g;8GB;8MP;50MP;MediaTek Dimensity 9000;8040mAh;12.9 inches;2024
CMP-0008;XIA-PRD-0001;Xiaomi 15 Pro 256GB;210g;12GB;32MP;50MP (Main) + 50MP (Ultra-wide) + 50MP (Telephoto);Snapdragon 8 Elite;6,100mAh;6.73 inches;2024
CMP-0008;XIA-PRD-0002;Xiaomi 15 Pro 512GB;210g;16GB;32MP;50MP (Main) + 50MP (Ultra-wide) + 50MP (Telephoto);Snapdragon 8 Elite;6,100mAh;6.73 inches;2024
CMP-0008;XIA-PRD-0003;Xiaomi 15 Pro 1TB;210g;16GB;32MP;50MP (Main) + 50MP (Ultra-wide) + 50MP (Telephoto);Snapdragon 8 Elite;6,100mAh;6.73 inches;2024
CMP-0008;XIA-PRD-0004;Xiaomi 15 256GB;190g;12GB;32MP;50MP (Main) + 50MP (Ultra-wide);Snapdragon 8 Elite;5,400mAh;6.36 inches;2024
CMP-0008;XIA-PRD-0005;Xiaomi 15 512GB;190g;16GB;32MP;50MP (Main) + 50MP (Ultra-wide);Snapdragon 8 Elite;5,400mAh;6.36 inches;2024
CMP-0008;XIA-PRD-0006;Xiaomi 14T Pro 256GB;209g;12GB;32MP;50MP (Main) + 50MP (Ultra-wide) + 50MP (Telephoto);Dimensity 9300+;5,000mAh;6.67 inches;2024
CMP-0008;XIA-PRD-0007;Xiaomi 14T Pro 512GB;209g;12GB;32MP;50MP (Main) + 50MP (Ultra-wide) + 50MP (Telephoto);Dimensity 9300+;5,000mAh;6.67 inches;2024
CMP-0008;XIA-PRD-0008;Xiaomi 14T Pro 1TB;209g;12GB;32MP;50MP (Main) + 50MP (Ultra-wide) + 50MP (Telephoto);Dimensity 9300+;5,000mAh;6.67 inches;2024
CMP-0008;XIA-PRD-0009;Xiaomi 14T 256GB;195g;12GB;32MP;50MP (Main) + 50MP (Ultra-wide);Dimensity 8300-Ultra;5,000mAh;6.67 inches;2024
CMP-0008;XIA-PRD-0010;Xiaomi 14T 512GB;195g;12GB;32MP;50MP (Main) + 50MP (Ultra-wide);Dimensity 8300-Ultra;5,000mAh;6.67 inches;2024
CMP-0008;XIA-PRD-0011;Xiaomi 14 Pro 256GB;206g;12GB;32MP;50MP (Main) + 50MP (Ultra-wide) + 50MP (Telephoto);Snapdragon 8 Gen 3;5,000mAh;6.73 inches;2023
CMP-0008;XIA-PRD-0012;Xiaomi 14 Pro 512GB;206g;12GB;32MP;50MP (Main) + 50MP (Ultra-wide) + 50MP (Telephoto);Snapdragon 8 Gen 3;5,000mAh;6.73 inches;2023
CMP-0008;XIA-PRD-0013;Xiaomi 14 256GB;189g;12GB;32MP;50MP (Main) + 50MP (Ultra-wide);Snapdragon 8 Gen 3;4,610mAh;6.36 inches;2023
CMP-0008;XIA-PRD-0014;Xiaomi 14 512GB;189g;12GB;32MP;50MP (Main) + 50MP (Ultra-wide);Snapdragon 8 Gen 3;4,610mAh;6.36 inches;2023
CMP-0008;XIA-PRD-0015;Redmi Note 14 Pro+ 5G 128GB;205g;8GB;16MP;200MP (Main) + 8MP (Ultra-wide) + 2MP (Macro);Snapdragon 7s Gen 3;5,110mAh;6.67 inches;2024
CMP-0008;XIA-PRD-0016;Redmi Note 14 Pro+ 5G 256GB;205g;12GB;16MP;200MP (Main) + 8MP (Ultra-wide) + 2MP (Macro);Snapdragon 7s Gen 3;5,110mAh;6.67 inches;2024
CMP-0008;XIA-PRD-0017;Redmi Note 14 Pro+ 5G 512GB;205g;16GB;16MP;200MP (Main) + 8MP (Ultra-wide) + 2MP (Macro);Snapdragon 7s Gen 3;5,110mAh;6.67 inches;2024
CMP-0008;XIA-PRD-0018;Redmi Note 14 Pro 5G 128GB;195g;8GB;16MP;108MP (Main) + 8MP (Ultra-wide) + 2MP (Macro);MediaTek Dimensity 7300-Ultra;5,500mAh;6.67 inches;2024
CMP-0008;XIA-PRD-0019;Redmi Note 14 Pro 5G 256GB;195g;12GB;16MP;108MP (Main) + 8MP (Ultra-wide) + 2MP (Macro);MediaTek Dimensity 7300-Ultra;5,500mAh;6.67 inches;2024
CMP-0008;XIA-PRD-0020;Redmi Note 14 Pro 4G 128GB;190g;6GB;16MP;108MP (Main) + 8MP (Ultra-wide) + 2MP (Macro);Qualcomm Snapdragon 732G;5,000mAh;6.67 inches;2024
CMP-0008;XIA-PRD-0021;Redmi Note 14 Pro 4G 256GB;190g;8GB;16MP;108MP (Main) + 8MP (Ultra-wide) + 2MP (Macro);Qualcomm Snapdragon 732G;5,000mAh;6.67 inches;2024
CMP-0008;XIA-PRD-0022;Redmi Note 14 5G 128GB;185g;6GB;16MP;50MP (Main) + 8MP (Ultra-wide) + 2MP (Macro);MediaTek Dimensity 7025-Ultra;5,000mAh;6.67 inches;2024
CMP-0008;XIA-PRD-0023;Redmi Note 14 5G 256GB;185g;8GB;16MP;50MP (Main) + 8MP (Ultra-wide) + 2MP (Macro);MediaTek Dimensity 7025-Ultra;5,000mAh;6.67 inches;2024
CMP-0008;XIA-PRD-0024;Redmi Note 14 4G 128GB;180g;4GB;16MP;50MP (Main) + 8MP (Ultra-wide) + 2MP (Macro);Qualcomm Snapdragon 680;5,000mAh;6.67 inches;2024
CMP-0008;XIA-PRD-0025;Redmi Note 14 4G 256GB;180g;6GB;16MP;50MP (Main) + 8MP (Ultra-wide) + 2MP (Macro);Qualcomm Snapdragon 680;5,000mAh;6.67 inches;2024
CMP-0008;XIA-PRD-0026;Redmi 14C 5G 64GB;195g;4GB;8MP;50MP (Main) + 2MP (Depth);MediaTek Dimensity 700;5,000mAh;6.5 inches;2024
CMP-0008;XIA-PRD-0027;Redmi 14C 5G 128GB;195g;6GB;8MP;50MP (Main) + 2MP (Depth);MediaTek Dimensity 700;5,000mAh;6.5 inches;2024
CMP-0005;IQO-PRD-0001;Pad 128GB;520g;6GB;8MP;13MP;Snapdragon 870;8040mAh;11 inches;2023
CMP-0005;IQO-PRD-0002;Pad 2 256GB;540g;8GB;8MP;50MP;Snapdragon 888;8040mAh;12.3 inches;2024
CMP-0005;IQO-PRD-0003;Pad 2 Pro 256GB;555g;8GB;8MP;50MP;Snapdragon 8 Gen 1;8040mAh;12.3 inches;2024
